symbol,target,Changes in Inventories,Inventory,Fixed Assets,Accounts Receivable,Cost of Revenue,Shares Outstanding,FCF,Other Operating Items,Total Equity,Other Current Assets,Capital Surplus,Deferred Liability Charges,Net Income,Earnings Before Interest and Tax,Misc. Stocks,Effect of Exchange Rate,Total Liabilities & Equity,Debt-Equity Ratio,Long-Term Debt,Deferred Asset Charges,"Sales, General and Admin.",Interest Expense
TRV,0,0.0,0.0,0.0,193000000.0,13870000000.0,341219963.03099996,3693000000.0,3882000000.0,24836000000.0,0.0,0.0,0.0,3692000000.0,5458000000.0,0.0,-10000000.0,103078000000.0,3.150346271541311,6685000000.0,1868000000.0,3964000000.0,369000000.0
LUK,0,0.0,0.0,726376000.0,-499310000.0,8024286000.0,368564814.815,-386323000.0,185993000.0,10302158000.0,10785379000.0,5059508000.0,0.0,199025000.0,1346818000.0,186686000.0,-10525000.0,52498908000.0,4.095913691092682,8527929000.0,1712535000.0,2856642000.0,965596000.0
SE,0,-106000000.0,313000000.0,22307000000.0,-9000000.0,2790000000.0,672049689.441,4249000000.0,796000000.0,8160000000.0,468000000.0,4956000000.0,5405000000.0,1082000000.0,2344000000.0,258000000.0,-5000000.0,33998000000.0,3.166421568627451,12727000000.0,0.0,393000000.0,679000000.0
PX,0,-42000000.0,551000000.0,11997000000.0,-80000000.0,6962000000.0,292573402.418,4557000000.0,1170000000.0,5623000000.0,366000000.0,3994000000.0,1281000000.0,1694000000.0,2608000000.0,176000000.0,-69000000.0,19769000000.0,2.515738929397119,8636000000.0,0.0,1437000000.0,213000000.0
UHS,0,0.0,108115000.0,3679689000.0,-105708000.0,0.0,98794021.7391,1858412000.0,375624000.0,3735946000.0,77654000.0,0.0,282214000.0,545343000.0,1063305000.0,239552000.0,-775000.0,8974443000.0,1.4021875583854801,3210215000.0,40319000.0,6766159000.0,133638000.0
LNT,0,0.0,223800000.0,8938400000.0,41700000.0,2317500000.0,113670520.231,891600000.0,388100000.0,3638700000.0,185000000.0,1509100000.0,2321100000.0,393300000.0,620600000.0,0.0,0.0,12063500000.0,2.315332398933685,3584300000.0,21500000.0,101100000.0,180600000.0
RSG,0,0.0,0.0,7165300000.0,-54300000.0,5643100000.0,355584415.584,2392300000.0,906900000.0,7745300000.0,263400000.0,6876900000.0,1149000000.0,547600000.0,1234000000.0,0.0,0.0,20094000000.0,1.594347539798329,7050800000.0,0.0,998400000.0,348700000.0
TXN,0,-53000000.0,1784000000.0,2840000000.0,-49000000.0,5618000000.0,1080842911.88,4277000000.0,0.0,10390000000.0,850000000.0,1368000000.0,469000000.0,2821000000.0,3968000000.0,0.0,0.0,17372000000.0,0.6719923002887391,3630000000.0,180000000.0,1843000000.0,94000000.0
KSU,0,9200000.0,111000000.0,7154700000.0,17200000.0,877900000.0,110219298.246,1876300000.0,258100000.0,3755500000.0,77600000.0,949800000.0,1056200000.0,502600000.0,785900000.0,0.0,0.0,7976400000.0,1.1239249101318067,1826500000.0,0.0,632000000.0,72800000.0
VRSN,1,0.0,0.0,319028000.0,-73000.0,188425000.0,126878571.42899999,640276000.0,0.0,-883466000.0,41658000.0,18120045000.0,513514000.0,355260000.0,569305000.0,0.0,-1500000.0,1901150000.0,-3.15192208868253,740175000.0,33887000.0,189488000.0,85994000.0
ROP,0,6349000.0,193766000.0,110876000.0,-10709000.0,1447595000.0,99850540.9583,878085000.0,0.0,4755360000.0,45763000.0,1325338000.0,735826000.0,646033000.0,1000093000.0,0.0,-43522000.0,8400185000.0,0.7664666818074762,2190282000.0,27496000.0,1102426000.0,78637000.0
UNM,0,0.0,0.0,531700000.0,-21500000.0,7722100000.0,248209876.54299998,1338100000.0,1272000000.0,8521900000.0,0.0,2221200000.0,62000000.0,402100000.0,709500000.0,0.0,0.0,62450200000.0,6.328201457421467,2854400000.0,1901300000.0,820900000.0,167500000.0
LEG,0,-21900000.0,481400000.0,548800000.0,-97700000.0,2991900000.0,146666666.667,476000000.0,19700000.0,1146500000.0,91800000.0,502400000.0,41800000.0,101200000.0,337300000.0,0.0,-15500000.0,3132200000.0,1.7319668556476229,766700000.0,0.0,439200000.0,41800000.0
TSS,0,0.0,0.0,290585000.0,-33406000.0,1668892000.0,190408092.48599997,636114000.0,0.0,1692762000.0,102977000.0,171270000.0,211820000.0,329406000.0,392929000.0,22492000.0,-6168000.0,3733581000.0,1.205614847214198,1405106000.0,7002000.0,346345000.0,0.0
LH,1,-300000.0,139500000.0,786500000.0,-31100000.0,3808500000.0,86400000.0,942500000.0,76700000.0,2820500000.0,157500000.0,0.0,530400000.0,511200000.0,936200000.0,0.0,-12300000.0,7301800000.0,1.5888317674171246,2682700000.0,0.0,1198200000.0,109500000.0
SCG,0,-62000000.0,361000000.0,12629000000.0,-33000000.0,3331000000.0,141952506.59600002,1822000000.0,384000000.0,4987000000.0,809000000.0,0.0,1931000000.0,538000000.0,1098000000.0,0.0,0.0,16818000000.0,2.3723681572087427,5497000000.0,0.0,229000000.0,312000000.0
TSO,1,107000000.0,2439000000.0,9045000000.0,10000000.0,35673000000.0,128506097.561,2049000000.0,562000000.0,4454000000.0,200000000.0,1255000000.0,1134000000.0,843000000.0,1699000000.0,0.0,0.0,16491000000.0,2.702514593623709,4161000000.0,0.0,2762000000.0,235000000.0
UNP,0,-59000000.0,712000000.0,46272000000.0,-197000000.0,6097000000.0,897746967.0710002,11731000000.0,1904000000.0,21189000000.0,492000000.0,4321000000.0,14403000000.0,5180000000.0,8904000000.0,0.0,0.0,52372000000.0,1.4716598234933218,10952000000.0,0.0,7234000000.0,561000000.0
RHI,0,0.0,0.0,121754000.0,-134917000.0,2772098000.0,134178947.36799999,403528000.0,557000.0,979858000.0,245337000.0,928157000.0,0.0,305928000.0,497349000.0,0.0,-10647000.0,1647267000.0,0.6811282859353089,1159000.0,0.0,1425734000.0,0.0
LKQ,0,-122590000.0,1433847000.0,629987000.0,-61739000.0,4088151000.0,306040000.0,511847000.0,120719000.0,2720657000.0,85799000.0,1054686000.0,106938000.0,381519000.0,652430000.0,0.0,-4789000.0,5475739000.0,1.0126531936954934,1784210000.0,0.0,1866520000.0,64542000.0
LLL,0,0.0,288000000.0,1061000000.0,39000000.0,9974000000.0,85347043.7018,1245000000.0,0.0,5285000000.0,1984000000.0,0.0,235000000.0,664000000.0,1030000000.0,0.0,-17000000.0,13715000000.0,1.5950804162724692,3939000000.0,15000000.0,0.0,158000000.0
RCL,0,26254000.0,123490000.0,18193627000.0,100095000.0,5306281000.0,221491594.20299998,3555157000.0,772445000.0,8284359000.0,226960000.0,3253552000.0,0.0,764146000.0,1022445000.0,0.0,-6307000.0,20713190000.0,1.5002767262983172,7644318000.0,0.0,1048952000.0,258299000.0
LLY,0,-307100000.0,2740000000.0,7963900000.0,117400000.0,4932500000.0,1071973094.17,5529700000.0,0.0,15373200000.0,560000000.0,5292300000.0,0.0,2390500000.0,3000300000.0,0.0,-341500000.0,36292700000.0,1.3607771966799365,5332800000.0,0.0,6280300000.0,0.0
LMT,0,77000000.0,2804000000.0,4751000000.0,28000000.0,35263000000.0,316739702.016,4711000000.0,0.0,3400000000.0,744000000.0,0.0,0.0,3614000000.0,5017000000.0,0.0,0.0,37046000000.0,9.895882352941175,6142000000.0,4013000000.0,-329000000.0,340000000.0
VRSK,0,0.0,0.0,302273000.0,-54515000.0,716598000.0,165992531.12,636270000.0,142376000.0,211043000.0,50371000.0,1171196000.0,202540000.0,400042000.0,660604000.0,0.0,-1286000.0,2345330000.0,10.113043313447973,1100874000.0,0.0,227306000.0,69984000.0
SCHW,0,0.0,0.0,1039000000.0,-1681000000.0,0.0,1376041666.67,2748000000.0,195000000.0,11803000000.0,0.0,4050000000.0,0.0,1321000000.0,2217000000.0,0.0,0.0,154642000000.0,12.101923239854276,1899000000.0,0.0,3744000000.0,102000000.0
R,0,-2153000.0,66007000.0,7901480000.0,-20687000.0,5253040000.0,52739371.9807,3641982000.0,0.0,1819087000.0,132681000.0,962328000.0,1443292000.0,218341000.0,483006000.0,0.0,297000.0,9850871000.0,4.415283051332893,4694335000.0,0.0,1030014000.0,144739000.0
UPS,0,0.0,0.0,18281000000.0,-523000000.0,14758000000.0,916012084.592,8054000000.0,1923000000.0,2141000000.0,1274000000.0,0.0,78000000.0,3032000000.0,4990000000.0,0.0,-138000000.0,35440000000.0,15.553012610929473,9856000000.0,1219000000.0,36583000000.0,353000000.0
REGN,0,-56947000.0,128861000.0,974309000.0,-34927000.0,205018000.0,97724277.4566,1085441000.0,0.0,2550251000.0,79046000.0,2450782000.0,135249000.0,338126000.0,798607000.0,0.0,0.0,3837672000.0,0.5048212901396765,457711000.0,315416000.0,519267000.0,37372000.0
MDLZ,0,-188000000.0,3480000000.0,9827000000.0,184000000.0,21647000000.0,1693023255.81,5204000000.0,206000000.0,27750000000.0,1408000000.0,31651000000.0,5512000000.0,2184000000.0,3242000000.0,0.0,-223000000.0,66771000000.0,1.406162162162162,13821000000.0,0.0,8457000000.0,688000000.0
TRIP,0,0.0,0.0,195000000.0,-26000000.0,40000000.0,143037974.684,468000000.0,65000000.0,1125000000.0,23000000.0,673000000.0,29000000.0,226000000.0,331000000.0,0.0,-8000000.0,1948000000.0,0.7315555555555555,259000000.0,0.0,801000000.0,9000000.0
PBCT,0,0.0,0.0,277800000.0,0.0,80900000.0,299642857.143,403500000.0,65400000.0,4633100000.0,0.0,5291200000.0,0.0,251700000.0,418400000.0,0.0,0.0,35997100000.0,6.769549545660572,0.0,0.0,816700000.0,37800000.0
MYL,0,-147500000.0,1651400000.0,1785700000.0,-939100000.0,4191600000.0,373253012.04800004,1340100000.0,0.0,3255900000.0,2295800000.0,4212800000.0,203900000.0,929400000.0,1307700000.0,0.0,-12900000.0,15820500000.0,3.859025154335207,5699900000.0,397400000.0,1545700000.0,333200000.0
MUR,0,0.0,242733000.0,13382007000.0,0.0,1089888000.0,178974505.92900002,6728103000.0,1957025000.0,8573434000.0,453411000.0,906741000.0,1634912000.0,905611000.0,1368089000.0,0.0,-3726000.0,16723738000.0,0.9506463804351908,2517669000.0,62582000.0,471219000.0,115819000.0
PBI,0,9104000.0,84827000.0,485471000.0,164714000.0,1680791000.0,202275757.57599998,836082000.0,0.0,77259000.0,109444000.0,178852000.0,114950000.0,333755000.0,522084000.0,0.0,-29082000.0,6499702000.0,83.12873581071463,2927127000.0,98806000.0,1378400000.0,90888000.0
SYK,0,-173000000.0,1588000000.0,1098000000.0,-89000000.0,3319000000.0,378676470.58800006,2015000000.0,188000000.0,8595000000.0,524000000.0,1252000000.0,0.0,515000000.0,1160000000.0,0.0,-77000000.0,17279000000.0,1.0103548574752763,3246000000.0,0.0,4308000000.0,0.0
MTD,0,-9302000.0,204531000.0,511462000.0,7492000.0,1127233000.0,28884799.3168,508300000.0,29185000.0,719595000.0,61647000.0,670418000.0,56727000.0,338241000.0,469541000.0,0.0,-2971000.0,2009110000.0,1.7920010561496398,335790000.0,30273000.0,728582000.0,24537000.0
PCAR,0,-189500000.0,925700000.0,5553800000.0,-304100000.0,15481600000.0,354778067.885,3660900000.0,588500000.0,6753200000.0,290500000.0,156700000.0,909200000.0,1358800000.0,2151300000.0,0.0,-83700000.0,17967200000.0,1.6605461114730795,5588700000.0,0.0,561400000.0,133700000.0
MTB,0,0.0,0.0,612984000.0,0.0,63083000.0,142737081.66,1172202000.0,157824000.0,12335896000.0,0.0,3409506000.0,0.0,1066246000.0,1859593000.0,0.0,0.0,96685535000.0,6.837739147606302,0.0,0.0,2655650000.0,217348000.0
PCG,0,-22000000.0,476000000.0,43941000000.0,13000000.0,12207000000.0,472312703.583,8523000000.0,2433000000.0,15748000000.0,3530000000.0,0.0,8513000000.0,1450000000.0,2529000000.0,0.0,0.0,59875000000.0,2.8020701041402076,15050000000.0,0.0,0.0,734000000.0
PCLN,0,0.0,0.0,198953000.0,-182209000.0,857841000.0,52305680.3456,3045901000.0,207820000.0,8566694000.0,178050000.0,4923196000.0,897848000.0,2421753000.0,3077801000.0,0.0,-136190000.0,14770977000.0,0.7242330588672831,3824199000.0,0.0,4302998000.0,88353000.0
MRO,0,-11000000.0,357000000.0,29040000000.0,119000000.0,2246000000.0,679910714.286,10647000000.0,2861000000.0,21020000000.0,109000000.0,6531000000.0,2774000000.0,3046000000.0,1361000000.0,0.0,-14000000.0,35983000000.0,0.7118458610846813,5295000000.0,0.0,3627000000.0,0.0
MRK,0,79000000.0,5571000000.0,13136000000.0,-554000000.0,16768000000.0,2893203883.5,9177000000.0,0.0,48647000000.0,4689000000.0,40423000000.0,4467000000.0,11920000000.0,17283000000.0,0.0,-553000000.0,98167000000.0,1.0179456081567209,18699000000.0,0.0,11606000000.0,0.0
SPG,0,0.0,0.0,22367785000.0,-6730000.0,882803000.0,365381858.40699995,3527156000.0,1143827000.0,5093177000.0,0.0,9422237000.0,0.0,1651526000.0,2387992000.0,25537000.0,0.0,29532330000.0,4.79841030460948,20852993000.0,1806789000.0,446845000.0,992601000.0
PEG,0,0.0,1022000000.0,23589000000.0,0.0,7036000000.0,506000000.0,5980000000.0,1227000000.0,12185000000.0,935000000.0,0.0,7544000000.0,1518000000.0,2845000000.0,0.0,0.0,35287000000.0,1.895937628231432,8215000000.0,0.0,0.0,389000000.0
MPC,0,-786000000.0,5642000000.0,16261000000.0,1642000000.0,84275000000.0,285520361.991,4590000000.0,1326000000.0,10751000000.0,145000000.0,9841000000.0,2782000000.0,2524000000.0,3835000000.0,0.0,0.0,30425000000.0,1.8299693051809132,6575000000.0,0.0,8450000000.0,0.0
T,0,0.0,0.0,112898000000.0,-2651000000.0,60145000000.0,5413445378.15,52537000000.0,18273000000.0,89716000000.0,10476000000.0,91108000000.0,38436000000.0,6442000000.0,13968000000.0,0.0,0.0,296834000000.0,2.3085960140889026,75778000000.0,0.0,41817000000.0,3613000000.0
VLO,1,0.0,6623000000.0,26735000000.0,0.0,118141000000.0,527616279.07,6394000000.0,1690000000.0,20677000000.0,164000000.0,7116000000.0,6607000000.0,3630000000.0,5949000000.0,0.0,-70000000.0,45550000000.0,1.202930792668182,5780000000.0,2201000000.0,5111000000.0,397000000.0
MOS,0,-129700000.0,1718300000.0,9313900000.0,-226500000.0,7129200000.0,382379182.15599996,3051200000.0,0.0,10703100000.0,368200000.0,4200000.0,987700000.0,1028600000.0,1324900000.0,0.0,-133100000.0,18283000000.0,0.7081966906784016,3778000000.0,543100000.0,505800000.0,107600000.0
SPGI,1,0.0,0.0,206000000.0,-9000000.0,0.0,273809523.81,1301000000.0,134000000.0,488000000.0,170000000.0,493000000.0,40000000.0,-115000000.0,113000000.0,810000000.0,-65000000.0,6773000000.0,12.879098360655734,795000000.0,0.0,4795000000.0,59000000.0
UTX,0,-636000000.0,7642000000.0,8592000000.0,111000000.0,40898000000.0,898843930.636,8573000000.0,0.0,31213000000.0,6241000000.0,0.0,0.0,6220000000.0,9593000000.0,140000000.0,-156000000.0,91206000000.0,1.9220517092237208,17784000000.0,1491000000.0,4934000000.0,881000000.0
NBL,0,0.0,0.0,18143000000.0,29000000.0,945000000.0,361309523.81,8377000000.0,1759000000.0,10325000000.0,1035000000.0,3624000000.0,2516000000.0,1214000000.0,1920000000.0,0.0,0.0,22518000000.0,1.1809200968523,6068000000.0,0.0,495000000.0,210000000.0
OXY,0,-112000000.0,1052000000.0,39730000000.0,1413000000.0,6803000000.0,797468354.43,19998000000.0,4261000000.0,34959000000.0,807000000.0,7599000000.0,6218000000.0,630000000.0,1301000000.0,0.0,0.0,56259000000.0,0.6092851626190681,6838000000.0,0.0,2053000000.0,77000000.0
NUE,0,-45963000.0,2745032000.0,5287639000.0,-179181000.0,19198615000.0,321597297.297,2010880000.0,0.0,7772470000.0,504414000.0,1883356000.0,1082433000.0,713946000.0,1360328000.0,0.0,-4897000.0,15615927000.0,1.0091331327107085,4360600000.0,0.0,520805000.0,169256000.0
NTRS,0,0.0,0.0,444300000.0,20900000.0,0.0,243053892.216,1017900000.0,6000000.0,8448900000.0,0.0,1050900000.0,0.0,811800000.0,1371600000.0,0.0,90900000.0,109946500000.0,12.013114133200775,0.0,0.0,3135000000.0,0.0
NWL,0,-28200000.0,708500000.0,559100000.0,-140900000.0,3523600000.0,275766423.358,796000000.0,0.0,1851400000.0,136100000.0,739000000.0,105700000.0,377800000.0,522500000.0,0.0,-28100000.0,6564300000.0,2.545587123258075,2084500000.0,39100000.0,1545900000.0,60400000.0
STT,0,0.0,0.0,1937000000.0,-119000000.0,0.0,434838709.677,-134000000.0,232000000.0,21328000000.0,0.0,9791000000.0,0.0,2022000000.0,2829000000.0,0.0,0.0,274119000000.0,11.852541260315077,0.0,0.0,7472000000.0,0.0
STI,0,0.0,0.0,1508000000.0,0.0,235000000.0,544171779.141,-1035000000.0,367000000.0,23005000000.0,0.0,9089000000.0,0.0,1774000000.0,2587000000.0,0.0,0.0,190328000000.0,7.273331884372963,1227000000.0,0.0,5518000000.0,309000000.0
NSC,0,-13000000.0,236000000.0,27694000000.0,-31000000.0,4201000000.0,310559006.21099997,5033000000.0,951000000.0,12408000000.0,347000000.0,2148000000.0,8817000000.0,2000000000.0,3679000000.0,0.0,0.0,33200000000.0,1.6756931012250158,8883000000.0,0.0,2897000000.0,545000000.0
NOV,0,-710000000.0,5281000000.0,3362000000.0,-415000000.0,15631000000.0,427692307.692,3313000000.0,0.0,20692000000.0,604000000.0,8341000000.0,1972000000.0,2502000000.0,3599000000.0,0.0,-67000000.0,33562000000.0,0.6219795089889812,3014000000.0,503000000.0,2092000000.0,105000000.0
O,0,0.0,0.0,9781540000.0,-3064000.0,53871000.0,260225961.538,1855935000.0,374661000.0,5613401000.0,0.0,0.0,0.0,270635000.0,666128000.0,0.0,0.0,11012622000.0,0.9618448779982046,4707947000.0,0.0,51085000.0,216366000.0
SRE,0,133000000.0,396000000.0,25902000000.0,-44000000.0,7689000000.0,246186440.678,5284000000.0,1156000000.0,11326000000.0,1425000000.0,0.0,4399000000.0,1162000000.0,1997000000.0,20000000.0,-7000000.0,39651000000.0,2.5008829242451,12230000000.0,0.0,414000000.0,554000000.0
NDAQ,0,0.0,0.0,292000000.0,-16000000.0,1433000000.0,168979591.837,827000000.0,137000000.0,5793000000.0,0.0,3222000000.0,663000000.0,414000000.0,711000000.0,0.0,-18000000.0,12071000000.0,1.0837217331261868,2297000000.0,552000000.0,1095000000.0,117000000.0
NLSN,0,0.0,0.0,533000000.0,-93000000.0,2620000000.0,380198019.802,1256000000.0,573000000.0,5056000000.0,497000000.0,6344000000.0,1025000000.0,384000000.0,921000000.0,0.0,-67000000.0,15326000000.0,2.03125,6419000000.0,83000000.0,1917000000.0,300000000.0
NFX,1,0.0,33000000.0,8414000000.0,47000000.0,485000000.0,136570561.45700002,3515000000.0,870000000.0,3893000000.0,454000000.0,1576000000.0,1484000000.0,900000000.0,1179000000.0,0.0,0.0,9580000000.0,1.460827125610069,2874000000.0,0.0,358000000.0,147000000.0
OMC,0,0.0,1166600000.0,708000000.0,0.0,12602100000.0,258548009.368,1689500000.0,294400000.0,2850000000.0,998100000.0,818600000.0,543900000.0,1104000000.0,1987200000.0,185700000.0,-273900000.0,21428400000.0,6.5187368421052625,4542100000.0,0.0,477200000.0,177200000.0
UDR,0,0.0,0.0,5948487000.0,0.0,270741000.0,257223333.333,969342000.0,363929000.0,2735097000.0,0.0,4223747000.0,0.0,154334000.0,131616000.0,282480000.0,0.0,6828728000.0,1.4967041388294455,3565299000.0,0.0,56612000.0,130454000.0
NFLX,1,0.0,0.0,149875000.0,0.0,3752760000.0,60089864.8649,86209000.0,0.0,1857708000.0,2318557000.0,0.0,0.0,266799000.0,399588000.0,0.0,-6686000.0,7042500000.0,2.790961765788811,885849000.0,0.0,876927000.0,50219000.0
ORLY,0,-179742000.0,2554789000.0,2658560000.0,-19271000.0,3507180000.0,104313941.019,1620417000.0,0.0,2018418000.0,46820000.0,1194929000.0,102422000.0,778182000.0,1275472000.0,0.0,0.0,6532083000.0,2.236238975276677,1388397000.0,0.0,2438527000.0,53290000.0
NEM,0,0.0,1366000000.0,16470000000.0,0.0,4457000000.0,498039215.686,2548000000.0,1229000000.0,10274000000.0,881000000.0,8712000000.0,656000000.0,508000000.0,867000000.0,0.0,-18000000.0,24916000000.0,1.4251508662643566,6480000000.0,1790000000.0,545000000.0,361000000.0
SRCL,0,0.0,0.0,460408000.0,-34116000.0,1461190000.0,85014583.3333,534996000.0,48138000.0,1895012000.0,63805000.0,289211000.0,403847000.0,326456000.0,553710000.0,0.0,-608000.0,4373302000.0,1.3077964677796237,1527246000.0,0.0,489937000.0,66142000.0
SWN,0,1000000.0,37000000.0,13712000000.0,-66000000.0,427000000.0,351330798.47900003,4378000000.0,942000000.0,4662000000.0,495000000.0,1019000000.0,1951000000.0,924000000.0,1508000000.0,0.0,0.0,14925000000.0,2.2014157014157014,2466000000.0,0.0,1296000000.0,59000000.0
NEE,0,-135000000.0,1292000000.0,55705000000.0,-7000000.0,8751000000.0,434744268.078,8642000000.0,2551000000.0,19916000000.0,2177000000.0,7179000000.0,12431000000.0,2465000000.0,4906000000.0,0.0,0.0,74605000000.0,2.7459831291423984,24044000000.0,0.0,1324000000.0,1261000000.0
OKE,0,160860000.0,189967000.0,11662437000.0,381513000.0,10088548000.0,209404666.667,3064760000.0,294684000.0,592115000.0,198971000.0,1541583000.0,1676979000.0,314107000.0,1176036000.0,0.0,0.0,15261773000.0,24.77501498864241,7150142000.0,0.0,674887000.0,356163000.0
LUV,0,0.0,342000000.0,14292000000.0,54000000.0,7677000000.0,688484848.485,4650000000.0,938000000.0,6775000000.0,232000000.0,1315000000.0,2782000000.0,1136000000.0,1923000000.0,0.0,0.0,19723000000.0,1.9111439114391144,2434000000.0,0.0,7639000000.0,107000000.0
SO,0,341000000.0,1969000000.0,55814000000.0,-352000000.0,11031000000.0,927397260.2739999,11792000000.0,1945000000.0,20926000000.0,1197000000.0,0.0,13071000000.0,2031000000.0,3843000000.0,39000000.0,0.0,69858000000.0,2.33833508553952,20644000000.0,2675000000.0,981000000.0,835000000.0
TAP,0,-16500000.0,202200000.0,1798000000.0,22300000.0,2493300000.0,184892086.33099997,1547400000.0,0.0,7863300000.0,101400000.0,3871200000.0,784300000.0,514000000.0,731300000.0,0.0,-48900000.0,13980100000.0,0.7778922335406254,2321300000.0,58200000.0,1163900000.0,145000000.0
MAT,0,43392000.0,561755000.0,737869000.0,90285000.0,3022797000.0,341694520.548,1149021000.0,0.0,2949071000.0,559074000.0,1767096000.0,0.0,498874000.0,666181000.0,0.0,-20259000.0,6721983000.0,1.2793561090933383,2100000000.0,0.0,2347308000.0,79271000.0
UAA,1,-84658000.0,536714000.0,305564000.0,-101057000.0,1572164000.0,438760000.0,359561000.0,0.0,1350300000.0,87177000.0,508350000.0,0.0,208042000.0,347545000.0,0.0,-3341000.0,2095083000.0,0.5515685403243724,255250000.0,33570000.0,1158251000.0,5335000.0
PPG,0,-99000000.0,1825000000.0,3092000000.0,-116000000.0,8348000000.0,138289473.684,2092000000.0,450000000.0,5180000000.0,620000000.0,1028000000.0,666000000.0,2102000000.0,1533000000.0,0.0,-132000000.0,17535000000.0,2.3851351351351346,3533000000.0,875000000.0,4013000000.0,187000000.0
MAS,0,-75000000.0,712000000.0,2187000000.0,-81000000.0,4946000000.0,356666666.667,730000000.0,0.0,924000000.0,709000000.0,0.0,0.0,856000000.0,732000000.0,0.0,-45000000.0,7208000000.0,6.8008658008658,2919000000.0,0.0,1338000000.0,225000000.0
MAR,0,0.0,0.0,1460000000.0,0.0,11830000000.0,289615384.615,1635000000.0,148000000.0,-2200000000.0,406000000.0,2802000000.0,0.0,753000000.0,1203000000.0,0.0,0.0,6833000000.0,-4.1059090909090905,3447000000.0,819000000.0,659000000.0,115000000.0
MAC,0,0.0,0.0,11067890000.0,-14126000.0,441929000.0,143311854.685,601351000.0,378716000.0,5640120000.0,0.0,5041797000.0,0.0,1499042000.0,1742276000.0,0.0,0.0,13121778000.0,1.32650688283228,6003361000.0,759061000.0,29412000.0,190689000.0
PPL,0,0.0,381000000.0,28169000000.0,-101000000.0,1889000000.0,657954545.455,7077000000.0,923000000.0,13628000000.0,2801000000.0,9433000000.0,3759000000.0,1737000000.0,2972000000.0,0.0,-8000000.0,48606000000.0,2.5666275315526863,17054000000.0,0.0,2173000000.0,843000000.0
MAA,0,0.0,0.0,6695717000.0,0.0,275379000.0,79328426.3959,765340000.0,301812000.0,2890524000.0,0.0,3619270000.0,0.0,156277000.0,270940000.0,5911000.0,0.0,6821778000.0,1.3600489046276731,3526091000.0,5996000.0,57664000.0,123953000.0
TMK,0,0.0,0.0,0.0,0.0,1903384000.0,130828674.699,884075000.0,855908000.0,4697466000.0,0.0,457613000.0,0.0,542939000.0,860803000.0,0.0,14491000.0,20272259000.0,3.3155733325158714,1230528000.0,3457397000.0,0.0,76126000.0
PNW,0,3724000.0,255986000.0,11074575000.0,-56409000.0,2087854000.0,110750696.379,2010261000.0,417358000.0,4367493000.0,189336000.0,0.0,2831222000.0,397595000.0,845351000.0,0.0,0.0,14288890000.0,2.271645770239357,3006573000.0,129215000.0,175178000.0,200950000.0
PRU,0,0.0,0.0,0.0,0.0,33560000000.0,-513382899.628,19396000000.0,0.0,41770000000.0,0.0,24565000000.0,0.0,1381000000.0,1759000000.0,0.0,-458000000.0,766655000000.0,17.354201580081398,27911000000.0,15971000000.0,18786000000.0,0.0
VNO,0,0.0,0.0,13660725000.0,-8282000.0,953611000.0,206902392.344,2170057000.0,481303000.0,6745426000.0,0.0,6873025000.0,475897000.0,864852000.0,845386000.0,1337780000.0,0.0,21157980000.0,2.1366410364593724,9530337000.0,382433000.0,169270000.0,412755000.0
MA,0,0.0,0.0,615000000.0,21000000.0,0.0,1163022508.04,3582000000.0,321000000.0,6790000000.0,671000000.0,3876000000.0,115000000.0,3617000000.0,5127000000.0,0.0,-220000000.0,15329000000.0,1.2575846833578792,1494000000.0,96000000.0,4014000000.0,48000000.0
PSX,0,-85000000.0,3397000000.0,17346000000.0,2226000000.0,140183000000.0,566904761.905,7302000000.0,1019000000.0,21590000000.0,833000000.0,19040000000.0,5491000000.0,4762000000.0,6012000000.0,0.0,-64000000.0,48692000000.0,1.2553033811949976,7793000000.0,0.0,16703000000.0,267000000.0
UNH,1,0.0,0.0,4418000000.0,-911000000.0,93633000000.0,972145328.72,9576000000.0,26567000000.0,32454000000.0,0.0,0.0,4037000000.0,5619000000.0,10274000000.0,1388000000.0,-5000000.0,86382000000.0,1.6616749861342208,17406000000.0,556000000.0,0.0,618000000.0
TMO,0,-109800000.0,1859500000.0,2426500000.0,-145400000.0,9397600000.0,397983193.27699995,3047200000.0,0.0,20548100000.0,559900000.0,11473600000.0,3430700000.0,1894400000.0,2087200000.0,0.0,-115500000.0,42852100000.0,1.0854531562528895,12351600000.0,0.0,4896100000.0,0.0
LYB,0,-205000000.0,4517000000.0,8758000000.0,358000000.0,38939000000.0,519800747.198,7547000000.0,0.0,8314000000.0,1054000000.0,10387000000.0,1623000000.0,4174000000.0,6064000000.0,0.0,-29000000.0,24221000000.0,1.9132788068318496,6695000000.0,0.0,806000000.0,352000000.0
SEE,0,-48700000.0,688500000.0,943000000.0,-27800000.0,5062900000.0,127540983.60700001,-64900000.0,118900000.0,1162800000.0,237900000.0,1787000000.0,77100000.0,155600000.0,554900000.0,0.0,-37400000.0,7953200000.0,5.83969728242174,4282000000.0,122900000.0,1849400000.0,287700000.0
LVLT,0,0.0,0.0,9860000000.0,9000000.0,3775000000.0,255284552.846,2071000000.0,808000000.0,6363000000.0,157000000.0,19159000000.0,921000000.0,314000000.0,892000000.0,0.0,-44000000.0,20947000000.0,2.292000628634292,10984000000.0,300000000.0,1181000000.0,654000000.0
PWR,0,-4025000.0,38921000.0,1099574000.0,-312602000.0,6578435000.0,233394074.074,494958000.0,34257000.0,4514473000.0,174711000.0,3592906000.0,215981000.0,315082000.0,431364000.0,0.0,-7873000.0,6253583000.0,0.38522990391126494,72489000.0,0.0,705477000.0,4765000.0
SHW,0,-101112000.0,1033527000.0,1021030000.0,-80252000.0,5965049000.0,96747150.838,1282073000.0,0.0,996470000.0,252869000.0,0.0,0.0,865887000.0,1322431000.0,0.0,-8560000.0,5706052000.0,4.726265717984486,1122715000.0,250144000.0,3860448000.0,64205000.0
MO,0,-184000000.0,2040000000.0,1983000000.0,-8000000.0,14362000000.0,1980468750.0,4826000000.0,0.0,3014000000.0,250000000.0,5735000000.0,6088000000.0,5070000000.0,8582000000.0,35000000.0,0.0,34475000000.0,10.43828798938288,13693000000.0,0.0,2541000000.0,808000000.0
MCD,0,-4900000.0,110000000.0,24557500000.0,27000000.0,16985600000.0,980989690.722,9313700000.0,0.0,12853400000.0,783200000.0,6239100000.0,1624500000.0,4757800000.0,7372000000.0,0.0,-527900000.0,34227400000.0,1.6629063127265935,14935700000.0,0.0,2506500000.0,0.0
PNR,0,-3700000.0,1130400000.0,974900000.0,9000000.0,4576000000.0,190176991.15,1138000000.0,0.0,4663800000.0,447400000.0,4250000000.0,528300000.0,214900000.0,855400000.0,0.0,-30600000.0,10655200000.0,1.2846605772117157,2997400000.0,0.0,1493800000.0,72300000.0
MNST,1,42763000.0,174573000.0,90156000.0,-9710000.0,1125057000.0,522860000.0,613519000.0,0.0,1515150000.0,46369000.0,426145000.0,68009000.0,483185000.0,745788000.0,0.0,-5488000.0,1938875000.0,0.2796587796587797,0.0,94381000.0,0.0,0.0
PFE,0,175000000.0,5663000000.0,11762000000.0,148000000.0,9577000000.0,6343750000.0,18082000000.0,4039000000.0,71301000000.0,2843000000.0,78977000000.0,23317000000.0,9135000000.0,12240000000.0,0.0,-83000000.0,167566000000.0,1.3501213166715755,35894000000.0,1944000000.0,14097000000.0,0.0
UAL,0,0.0,666000000.0,19467000000.0,209000000.0,16611000000.0,371147540.984,4639000000.0,1679000000.0,2396000000.0,774000000.0,7721000000.0,3879000000.0,1132000000.0,1811000000.0,0.0,0.0,36595000000.0,14.273372287145245,10524000000.0,0.0,17795000000.0,683000000.0
PFG,0,0.0,0.0,590200000.0,53100000.0,5231000000.0,309216216.21599996,3238900000.0,3574300000.0,10184000000.0,0.0,9945500000.0,1035300000.0,1144100000.0,1494900000.0,58000000.0,0.0,219087000000.0,20.512863315003926,2559200000.0,2993000000.0,177400000.0,0.0
MMM,0,-113000000.0,3706000000.0,8489000000.0,-268000000.0,16447000000.0,649541284.404,8119000000.0,0.0,13109000000.0,1023000000.0,4379000000.0,0.0,4956000000.0,7168000000.0,0.0,-111000000.0,31209000000.0,1.3807307956365855,6705000000.0,0.0,6469000000.0,142000000.0
MMC,0,0.0,0.0,809000000.0,-58000000.0,0.0,544609665.428,2487000000.0,3135000000.0,7054000000.0,0.0,930000000.0,0.0,1465000000.0,2222000000.0,0.0,-274000000.0,17793000000.0,1.5223986390700313,3379000000.0,1358000000.0,7515000000.0,165000000.0
PGR,0,0.0,0.0,960600000.0,-379200000.0,17297300000.0,590322580.645,1833700000.0,50900000.0,6928600000.0,0.0,1184300000.0,98900000.0,1281000000.0,2024300000.0,0.0,0.0,25787600000.0,2.721906301417314,2164700000.0,457200000.0,18900000.0,116900000.0
MLM,1,-12020000.0,484919000.0,3402770000.0,-16650000.0,2435591000.0,56996703.2967,613841000.0,0.0,4351166000.0,29607000.0,3243619000.0,489945000.0,155601000.0,315235000.0,0.0,0.0,7219754000.0,0.6592688028909952,1571059000.0,0.0,164596000.0,66057000.0
SLG,0,0.0,0.0,12163976000.0,-1695000.0,500126000.0,878061016.9489999,1899798000.0,393987000.0,6937374000.0,0.0,5113759000.0,188363000.0,518056000.0,246304000.0,540639000.0,0.0,17096587000.0,1.464417660054078,7814609000.0,327962000.0,133502000.0,0.0
TDC,0,18000000.0,38000000.0,159000000.0,101000000.0,1253000000.0,155508474.576,734000000.0,0.0,1707000000.0,81000000.0,1054000000.0,104000000.0,367000000.0,497000000.0,0.0,-17000000.0,3132000000.0,0.8347978910369068,195000000.0,20000000.0,770000000.0,3000000.0
MJN,0,-47000000.0,555500000.0,912700000.0,-36500000.0,1700600000.0,202760563.38,980000000.0,0.0,574300000.0,82600000.0,-641300000.0,12000000.0,719800000.0,988300000.0,66000000.0,-38600000.0,3763800000.0,5.5537175692146965,1492800000.0,150400000.0,1617600000.0,60300000.0
PHM,0,-337939000.0,4392100000.0,101190000.0,0.0,4244479000.0,373494488.189,356671000.0,0.0,4804954000.0,0.0,3072996000.0,0.0,474338000.0,689758000.0,0.0,0.0,8569410000.0,0.7834530778026179,1958802000.0,0.0,861390000.0,0.0
MHK,1,-67016000.0,1543313000.0,2703210000.0,-107705000.0,5649254000.0,72871917.8082,1223992000.0,0.0,4418006000.0,257333000.0,1598887000.0,410764000.0,531965000.0,762098000.0,0.0,-27175000.0,8285544000.0,0.8754035191441569,1402135000.0,295487000.0,1381396000.0,98207000.0
MET,0,0.0,0.0,0.0,-443000000.0,39102000000.0,1151277372.26,16376000000.0,17091000000.0,72053000000.0,0.0,30543000000.0,11821000000.0,6309000000.0,8804000000.0,99000000.0,-354000000.0,902337000000.0,11.523239837341954,51712000000.0,24442000000.0,8319000000.0,0.0
PM,0,105000000.0,8592000000.0,6071000000.0,-463000000.0,60775000000.0,1574159663.87,8892000000.0,93000000.0,-12629000000.0,673000000.0,710000000.0,1549000000.0,7493000000.0,11702000000.0,0.0,-376000000.0,35187000000.0,-3.78620635046322,26929000000.0,0.0,7001000000.0,1052000000.0
PNC,0,0.0,0.0,0.0,0.0,325000000.0,562365591.398,5557000000.0,273000000.0,44551000000.0,0.0,16573000000.0,0.0,4184000000.0,6195000000.0,0.0,0.0,345072000000.0,6.745550043770062,0.0,0.0,9488000000.0,581000000.0
MCO,0,0.0,0.0,302300000.0,-98300000.0,930300000.0,210810234.542,1093200000.0,95600000.0,-187800000.0,172500000.0,383900000.0,227900000.0,988700000.0,1577800000.0,0.0,-89200000.0,4669000000.0,-25.861554845580407,2547300000.0,167800000.0,869300000.0,116800000.0
TGNA,1,10032000.0,0.0,666918000.0,-1514000.0,954990000.0,231910000.0,971553000.0,151837000.0,3254914000.0,610261000.0,546406000.0,681595000.0,1062171000.0,1263364000.0,20470000.0,-281000.0,11242195000.0,2.45391460419538,4488028000.0,0.0,766854000.0,272668000.0
VMC,1,-5595000.0,321804000.0,3071630000.0,-25118000.0,2406587000.0,131360897.436,485188000.0,0.0,4176699000.0,43824000.0,2734661000.0,927526000.0,204923000.0,542205000.0,0.0,0.0,8041097000.0,0.9252277935278552,1834642000.0,0.0,292358000.0,243367000.0
SNI,0,0.0,0.0,226246000.0,-10932000.0,778896000.0,141262953.368,831349000.0,128582000.0,1382447000.0,588391000.0,1359023000.0,0.0,545275000.0,1080538000.0,96251000.0,-2452000.0,4657481000.0,2.369012338266856,1485359000.0,79096000.0,764799000.0,52687000.0
RRC,0,-4521000.0,17854000.0,8015154000.0,-5329000.0,605752000.0,166504461.942,2166417000.0,551032000.0,3457429000.0,363049000.0,2400475000.0,1291680000.0,634382000.0,1199862000.0,0.0,0.0,8704604000.0,1.5176522786151212,3030824000.0,0.0,191802000.0,168977000.0
WHR,0,49000000.0,2740000000.0,3981000000.0,-90000000.0,16477000000.0,78313253.012,2199000000.0,33000000.0,4885000000.0,1147000000.0,2555000000.0,0.0,650000000.0,1046000000.0,0.0,-82000000.0,19091000000.0,2.9080859774820875,3544000000.0,1900000000.0,2038000000.0,165000000.0
BXP,0,0.0,0.0,15688744000.0,12869000.0,864526000.0,156753003.534,1106165000.0,628573000.0,5697298000.0,0.0,6270257000.0,0.0,443611000.0,979664000.0,104692000.0,0.0,19886134000.0,2.4904500343847205,10086984000.0,831744000.0,102077000.0,455743000.0
GM,0,0.0,13642000000.0,34803000000.0,0.0,142121000000.0,2256571428.57,17152000000.0,0.0,35457000000.0,5104000000.0,28937000000.0,0.0,3949000000.0,4649000000.0,0.0,-1230000000.0,177501000000.0,4.006091885946358,31721000000.0,25414000000.0,12158000000.0,403000000.0
C,0,0.0,0.0,0.0,0.0,0.0,3307692307.69,49729000000.0,6666000000.0,210185000000.0,0.0,107979000000.0,0.0,7310000000.0,28391000000.0,0.0,-2432000000.0,1842181000000.0,7.7645693079905795,362116000000.0,0.0,55852000000.0,13690000000.0
DFS,0,0.0,0.0,670000000.0,0.0,614000000.0,473116089.61300004,3971000000.0,1443000000.0,11134000000.0,0.0,3790000000.0,0.0,2323000000.0,4214000000.0,0.0,0.0,83126000000.0,6.465960122148374,0.0,0.0,3340000000.0,520000000.0
EQR,0,0.0,0.0,22242578000.0,0.0,883564000.0,363656682.02800006,2515692000.0,758861000.0,10368456000.0,0.0,8536340000.0,0.0,631308000.0,1134726000.0,500733000.0,0.0,22950614000.0,1.2135035341809812,10511861000.0,58380000.0,50948000.0,468279000.0
GLW,0,2000000.0,1322000000.0,12766000000.0,-16000000.0,5663000000.0,1358241758.24,5785000000.0,33000000.0,21579000000.0,1099000000.0,13456000000.0,0.0,2472000000.0,3691000000.0,0.0,-556000000.0,30063000000.0,0.3931600166828861,3227000000.0,1889000000.0,1202000000.0,123000000.0
WYNN,0,-6917000.0,72223000.0,5855842000.0,38000.0,3316311000.0,100904000.0,2319674000.0,314119000.0,-28779000.0,49847000.0,948566000.0,30072000.0,731554000.0,1273924000.0,0.0,-1217000.0,9062861000.0,-315.9122971611245,7345262000.0,84413000.0,502901000.0,315062000.0
EQT,0,0.0,0.0,10076814000.0,-70392000.0,443974000.0,151750980.39200002,3866232000.0,679298000.0,4582815000.0,520809000.0,0.0,1750870000.0,386965000.0,860248000.0,0.0,0.0,12035353000.0,1.6261921984631718,2793479000.0,0.0,238134000.0,136537000.0
XRAY,0,21000000.0,387100000.0,588800000.0,7200000.0,1322800000.0,141622807.018,660000000.0,0.0,2321300000.0,241700000.0,221700000.0,165600000.0,322900000.0,451300000.0,0.0,-8900000.0,4646500000.0,1.0016800930513077,1150100000.0,0.0,1143100000.0,46900000.0
CAT,0,101000000.0,12205000000.0,16577000000.0,163000000.0,41342000000.0,409348914.85800004,11436000000.0,0.0,16746000000.0,818000000.0,0.0,0.0,2452000000.0,3636000000.0,0.0,-174000000.0,84681000000.0,4.056789681117879,27784000000.0,1404000000.0,8148000000.0,484000000.0
DVA,0,-46398000.0,136084000.0,2469099000.0,-102350000.0,9119305000.0,212056891.496,2100737000.0,590935000.0,5170513000.0,186842000.0,1108211000.0,650075000.0,723114000.0,1309673000.0,829965000.0,2293000.0,17617432000.0,2.407288986605391,8298624000.0,0.0,1278506000.0,0.0
GILD,0,143000000.0,1386000000.0,1674000000.0,-2578000000.0,3788000000.0,1522138364.78,13375000000.0,0.0,15426000000.0,1057000000.0,2391000000.0,0.0,12101000000.0,15268000000.0,15000000.0,-56000000.0,34664000000.0,1.2471152599507325,11921000000.0,236000000.0,2983000000.0,412000000.0
CBG,0,0.0,0.0,497926000.0,-307979000.0,8050222000.0,329593877.551,843983000.0,265101000.0,2259830000.0,294432000.0,1039425000.0,42602000.0,484503000.0,889297000.0,0.0,-29183000.0,7568010000.0,2.3489289017315462,1808605000.0,99235000.0,0.0,112035000.0
CCI,0,0.0,0.0,8982783000.0,-77116000.0,1306606000.0,375493269.231,2358732000.0,985781000.0,6716225000.0,670965000.0,9512396000.0,0.0,390513000.0,908361000.0,0.0,-8012000.0,21143276000.0,2.148089291231309,11807526000.0,0.0,257296000.0,573291000.0
GD,0,-303000000.0,3221000000.0,3329000000.0,330000000.0,24979000000.0,335052910.053,4349000000.0,0.0,11829000000.0,1157000000.0,2548000000.0,0.0,2533000000.0,3802000000.0,0.0,0.0,35337000000.0,1.9873193000253613,3392000000.0,0.0,1984000000.0,0.0
FTR,0,0.0,0.0,8566000000.0,-61000000.0,0.0,1023076923.08,1958000000.0,1139000000.0,3658000000.0,61000000.0,3990000000.0,2868000000.0,133000000.0,859000000.0,0.0,0.0,18810000000.0,4.14215418261345,9393000000.0,0.0,2671000000.0,696000000.0
CELG,0,-56500000.0,393100000.0,642600000.0,-166300000.0,385900000.0,803172690.763,2956600000.0,258300000.0,6524800000.0,606100000.0,9827200000.0,27800000.0,1999900000.0,2503500000.0,0.0,-63700000.0,17340100000.0,1.6575680480627757,6265700000.0,0.0,2027900000.0,176100000.0
FSLR,1,-99870000.0,505088000.0,1535605000.0,462630000.0,2566246000.0,99739042.8212,938538000.0,0.0,4991487000.0,356588000.0,2697558000.0,0.0,395964000.0,434083000.0,0.0,-19487000.0,6720991000.0,0.3464907351256249,162074000.0,313891000.0,253827000.0,1982000.0
DD,0,-318000000.0,6787000000.0,10008000000.0,-88000000.0,17023000000.0,917721518.987,5732000000.0,0.0,13320000000.0,6491000000.0,11174000000.0,459000000.0,3625000000.0,4690000000.0,0.0,-332000000.0,50490000000.0,2.7905405405405403,9233000000.0,3734000000.0,5536000000.0,377000000.0
DAL,0,172000000.0,852000000.0,21929000000.0,-302000000.0,22967000000.0,834177215.19,7196000000.0,1771000000.0,8813000000.0,701000000.0,12981000000.0,2602000000.0,659000000.0,1722000000.0,0.0,0.0,54005000000.0,5.127879269261318,8477000000.0,7595000000.0,12702000000.0,650000000.0
CB,0,0.0,0.0,0.0,-435000000.0,13241000000.0,335647058.824,4496000000.0,-82000000.0,29587000000.0,0.0,5145000000.0,0.0,2853000000.0,3767000000.0,0.0,-139000000.0,98248000000.0,2.320647581708182,8602000000.0,2896000000.0,2245000000.0,280000000.0
GPC,0,-100820000.0,3043848000.0,670102000.0,-225178000.0,10747886000.0,153294396.55200002,897826000.0,148313000.0,3301248000.0,538582000.0,26414000.0,72479000.0,711286000.0,1142827000.0,0.0,-7153000.0,8246238000.0,1.4979153338373852,500000000.0,145331000.0,3314030000.0,25088000.0
BWA,0,-39700000.0,505700000.0,2093900000.0,-248700000.0,6548700000.0,226920415.225,1364800000.0,0.0,3616200000.0,130200000.0,1112400000.0,0.0,655800000.0,969200000.0,0.0,-76700000.0,7228000000.0,0.9987832531386538,716300000.0,0.0,792700000.0,36400000.0
BSX,1,-81000000.0,946000000.0,1507000000.0,53000000.0,2210000000.0,1322222222.22,1528000000.0,438000000.0,6457000000.0,443000000.0,16703000000.0,1214000000.0,-119000000.0,-293000000.0,0.0,-4000000.0,17024000000.0,1.6365185070466162,3841000000.0,0.0,2817000000.0,216000000.0
HCP,0,0.0,0.0,10886887000.0,-8845000.0,0.0,458822388.06,1930604000.0,455016000.0,10735297000.0,0.0,11431987000.0,95411000.0,922233000.0,714156000.0,0.0,1715000.0,21331436000.0,0.9870373404666868,8882753000.0,0.0,463059000.0,439742000.0
BAX,0,-143000000.0,1577000000.0,10499000000.0,-93000000.0,6138000000.0,541648590.022,4140000000.0,0.0,8120000000.0,3776000000.0,5853000000.0,0.0,2497000000.0,635000000.0,0.0,-79000000.0,26138000000.0,2.21896551724138,7331000000.0,0.0,3315000000.0,145000000.0
HCN,0,0.0,0.0,21335091000.0,-25639000.0,1403358000.0,344243150.685,1469331000.0,844130000.0,13175153000.0,0.0,14740712000.0,0.0,502595000.0,865252000.0,86409000.0,-690000.0,24962923000.0,0.894697010349709,10776640000.0,0.0,212481000.0,481039000.0
XYL,0,-49000000.0,486000000.0,461000000.0,-37000000.0,2403000000.0,183152173.913,535000000.0,0.0,2127000000.0,144000000.0,1796000000.0,136000000.0,337000000.0,475000000.0,0.0,-53000000.0,4833000000.0,1.2722143864598026,1195000000.0,0.0,920000000.0,54000000.0
EMN,0,-61000000.0,1509000000.0,5087000000.0,19000000.0,7306000000.0,149304174.95,2001000000.0,0.0,3510000000.0,250000000.0,1817000000.0,946000000.0,751000000.0,1177000000.0,0.0,-4000000.0,16072000000.0,3.578917378917379,7248000000.0,0.0,755000000.0,187000000.0
HCA,0,-232000000.0,1279000000.0,14355000000.0,-3645000000.0,6262000000.0,436046511.628,6624000000.0,1820000000.0,-7894000000.0,1025000000.0,0.0,0.0,1875000000.0,5224000000.0,0.0,0.0,30980000000.0,-4.92449961996453,29088000000.0,0.0,23271000000.0,1743000000.0
WFC,0,0.0,0.0,8743000000.0,-372000000.0,1096000000.0,5529256594.72,17529000000.0,2765000000.0,184394000000.0,0.0,60537000000.0,0.0,23057000000.0,36844000000.0,0.0,0.0,1687155000000.0,8.14972829918544,0.0,0.0,47667000000.0,2929000000.0
DISCA,0,0.0,0.0,554000000.0,6000000.0,2124000000.0,2997368421.05,1438000000.0,329000000.0,5602000000.0,604000000.0,6917000000.0,588000000.0,1139000000.0,2075000000.0,747000000.0,-57000000.0,15970000000.0,1.8507675830060693,6002000000.0,0.0,1692000000.0,328000000.0
BCR,0,-53900000.0,376200000.0,446400000.0,21300000.0,1258600000.0,76892950.3916,786600000.0,0.0,1804900000.0,114800000.0,1945300000.0,145900000.0,294500000.0,490600000.0,0.0,-19100000.0,5092600000.0,1.8215413596321128,1401900000.0,11500000.0,981500000.0,44800000.0
HBAN,0,0.0,0.0,616407000.0,0.0,86453000.0,866290410.959,947648000.0,120266000.0,6328170000.0,0.0,7221745000.0,0.0,632392000.0,905853000.0,0.0,0.0,66298010000.0,9.476648067292755,0.0,0.0,1843069000.0,52868000.0
DHR,0,49900000.0,1782800000.0,2171900000.0,-113400000.0,9261400000.0,702270270.27,4339000000.0,0.0,23378100000.0,1197100000.0,4480900000.0,0.0,2598400000.0,3519800000.0,0.0,-205500000.0,36991700000.0,0.5823227721671137,3401500000.0,0.0,5389000000.0,119100000.0
BHI,0,-296000000.0,4074000000.0,9063000000.0,-524000000.0,19746000000.0,437404580.15300006,4744000000.0,0.0,18625000000.0,395000000.0,7062000000.0,740000000.0,1719000000.0,2859000000.0,0.0,-14000000.0,28827000000.0,0.5477583892617449,3913000000.0,0.0,1333000000.0,232000000.0
EOG,0,-161958000.0,706597000.0,29172644000.0,84982000.0,2534389000.0,543934141.791,16895960000.0,3997041000.0,17712582000.0,751661000.0,2837150000.0,6822946000.0,2915487000.0,5196773000.0,0.0,-38852000.0,34762687000.0,0.9625985076596963,5903354000.0,0.0,5285634000.0,201458000.0
DGX,0,0.0,110000000.0,933000000.0,-312000000.0,4637000000.0,145169712.794,1246000000.0,94000000.0,4301000000.0,200000000.0,2418000000.0,0.0,556000000.0,987000000.0,0.0,0.0,9857000000.0,1.2917926063706116,3224000000.0,0.0,1721000000.0,164000000.0
HAL,0,-271000000.0,3571000000.0,12475000000.0,-1381000000.0,27334000000.0,847457627.119,7345000000.0,0.0,16267000000.0,1221000000.0,309000000.0,0.0,3500000000.0,4712000000.0,0.0,41000000.0,32165000000.0,0.9773160386057664,7765000000.0,0.0,293000000.0,0.0
XRX,0,-22000000.0,934000000.0,1648000000.0,67000000.0,13294000000.0,1235365853.66,2431000000.0,315000000.0,10678000000.0,2342000000.0,4283000000.0,0.0,1013000000.0,1206000000.0,349000000.0,-89000000.0,27658000000.0,1.5901854279827683,6314000000.0,0.0,4020000000.0,0.0
BIIB,1,-185900000.0,804000000.0,1765700000.0,-543100000.0,1171000000.0,236296296.29599997,3229900000.0,489800000.0,10809000000.0,309800000.0,4196200000.0,52200000.0,2934800000.0,3963400000.0,0.0,-40900000.0,14314700000.0,0.32433157553890274,580300000.0,0.0,2193400000.0,0.0
GWW,0,-92443000.0,1356396000.0,1324346000.0,-122580000.0,5650711000.0,69174201.8982,1347204000.0,0.0,3209872000.0,150198000.0,948340000.0,95455000.0,801729000.0,1344479000.0,0.0,-21633000.0,5283049000.0,0.6458752872388681,403333000.0,16718000.0,2967125000.0,10093000.0
GT,0,-35000000.0,2671000000.0,7153000000.0,75000000.0,13906000000.0,268565169.77,1263000000.0,0.0,3610000000.0,201000000.0,3141000000.0,90000000.0,2452000000.0,1131000000.0,582000000.0,-313000000.0,18044000000.0,3.998337950138504,6216000000.0,2253000000.0,2815000000.0,444000000.0
BK,0,0.0,0.0,1394000000.0,0.0,0.0,1182949308.76,5275000000.0,250000000.0,37441000000.0,0.0,24626000000.0,0.0,2567000000.0,3917000000.0,229000000.0,-128000000.0,385303000000.0,9.290937742047488,36144000000.0,0.0,10749000000.0,354000000.0
BLL,0,-23800000.0,1016700000.0,2430700000.0,-152300000.0,6903500000.0,138643067.847,1403300000.0,280900000.0,1033100000.0,0.0,0.0,152500000.0,470000000.0,805500000.0,0.0,-400000.0,7571000000.0,6.328429000096795,2993800000.0,0.0,547000000.0,159900000.0
BMY,0,-254000000.0,1560000000.0,4417000000.0,-252000000.0,3932000000.0,1656198347.11,3674000000.0,0.0,14852000000.0,579000000.0,1507000000.0,770000000.0,2004000000.0,2381000000.0,0.0,58000000.0,33749000000.0,1.2723538917317534,7242000000.0,915000000.0,4822000000.0,0.0
EQIX,0,0.0,0.0,4998270000.0,-101966000.0,1197885000.0,52328024.1935,1366414000.0,0.0,2270131000.0,85004000.0,3334305000.0,0.0,-259547000.0,355286000.0,0.0,-11959000.0,7781978000.0,2.42798631444617,4563126000.0,0.0,734119000.0,270553000.0
XOM,0,-1343000000.0,16678000000.0,252668000000.0,3118000000.0,266831000000.0,4278947368.42,78068000000.0,17297000000.0,174399000000.0,3565000000.0,0.0,39230000000.0,32520000000.0,51916000000.0,0.0,-281000000.0,349493000000.0,1.003985114593547,16978000000.0,0.0,74226000000.0,286000000.0
BAC,0,0.0,0.0,10049000000.0,0.0,2656000000.0,13425000000.0,30135000000.0,3211000000.0,243471000000.0,0.0,0.0,0.0,4833000000.0,16709000000.0,0.0,-3067000000.0,2104534000000.0,7.643879558551121,121101000000.0,0.0,74181000000.0,8278000000.0
CF,0,63800000.0,202900000.0,5525800000.0,36100000.0,2964700000.0,80393961.7084,3217100000.0,0.0,4209700000.0,53400000.0,1413900000.0,734600000.0,2183500000.0,3115600000.0,0.0,-4200000.0,11254200000.0,1.67339715419151,4592500000.0,0.0,205200000.0,178200000.0
FMC,0,36200000.0,607600000.0,930000000.0,-274700000.0,2047800000.0,133695652.174,467100000.0,0.0,1530500000.0,392100000.0,401900000.0,51300000.0,307500000.0,415200000.0,0.0,-2200000.0,5326000000.0,2.479908526625286,1138900000.0,200100000.0,589800000.0,51400000.0
FBHS,0,14500000.0,462200000.0,539800000.0,-39900000.0,2646700000.0,161326530.61200002,381200000.0,13100000.0,2259500000.0,186100000.0,2517300000.0,150600000.0,158100000.0,402300000.0,0.0,-4600000.0,4052900000.0,0.7937154237663199,643700000.0,0.0,943300000.0,10400000.0
CNC,1,0.0,0.0,445000000.0,-463000000.0,12678000000.0,117826086.957,1326000000.0,1406000000.0,1744000000.0,0.0,840000000.0,168000000.0,271000000.0,492000000.0,148000000.0,-1000000.0,5824000000.0,2.339449541284404,1115000000.0,0.0,2012000000.0,35000000.0
FB,0,0.0,0.0,3967000000.0,-610000000.0,2153000000.0,2611607142.86,9157000000.0,0.0,36096000000.0,513000000.0,30225000000.0,0.0,2925000000.0,4910000000.0,0.0,-123000000.0,39966000000.0,0.10721409574468084,119000000.0,0.0,2653000000.0,0.0
CNP,0,-102000000.0,379000000.0,10502000000.0,39000000.0,6890000000.0,430281690.141,2769000000.0,1013000000.0,4548000000.0,277000000.0,0.0,5441000000.0,611000000.0,1356000000.0,0.0,0.0,23200000000.0,4.1011433597185585,8009000000.0,0.0,388000000.0,471000000.0
WMB,0,-36000000.0,231000000.0,28081000000.0,-276000000.0,4508000000.0,719047619.048,6146000000.0,1176000000.0,8777000000.0,213000000.0,14925000000.0,4712000000.0,2114000000.0,4331000000.0,0.0,0.0,50455000000.0,4.74854733963769,20780000000.0,0.0,384000000.0,747000000.0
COF,0,0.0,0.0,3685000000.0,-29000000.0,1088000000.0,574319066.148,9806000000.0,4073000000.0,45053000000.0,0.0,27869000000.0,0.0,4428000000.0,7060000000.0,0.0,0.0,308167000000.0,5.8400994384391725,0.0,0.0,11648000000.0,491000000.0
COG,0,3441000.0,14026000.0,4925711000.0,-11689000.0,524880000.0,417872000.0,2716067000.0,632760000.0,2142733000.0,139458000.0,710432000.0,879703000.0,104468000.0,106186000.0,0.0,0.0,5437716000.0,1.5377478201903831,1752000000.0,0.0,129602000.0,73785000.0
FAST,0,-87622000.0,869224000.0,763889000.0,-63418000.0,1836105000.0,295898203.593,688866000.0,0.0,1915217000.0,115703000.0,33744000.0,68532000.0,494150000.0,788349000.0,0.0,-4889000.0,2359102000.0,0.2317674707356921,0.0,0.0,1110776000.0,915000.0
CVS,0,770000000.0,11930000000.0,8843000000.0,737000000.0,114000000000.0,1166834170.85,10273000000.0,0.0,37958000000.0,866000000.0,30418000000.0,4036000000.0,4644000000.0,8278000000.0,0.0,-6000000.0,74187000000.0,0.9544496548817114,11630000000.0,0.0,0.0,600000000.0
XL,0,0.0,0.0,0.0,-2488000.0,4239474000.0,265267605.634,963184000.0,1341315000.0,10033751000.0,0.0,7359102000.0,66246000.0,188340000.0,392623000.0,0.0,-90115000.0,45046819000.0,3.4895292896943526,2155810000.0,559024000.0,0.0,134106000.0
CMS,0,-36000000.0,918000000.0,13412000000.0,-31000000.0,5090000000.0,279545454.545,3058000000.0,685000000.0,3670000000.0,377000000.0,4774000000.0,1785000000.0,492000000.0,1139000000.0,0.0,0.0,19148000000.0,4.217438692098093,8139000000.0,0.0,252000000.0,410000000.0
F,0,-936000000.0,7870000000.0,53343000000.0,-2896000000.0,131903000000.0,1519753086.42,21970000000.0,0.0,24438000000.0,0.0,21089000000.0,570000000.0,1231000000.0,2031000000.0,342000000.0,-517000000.0,208615000000.0,7.536500531958425,119171000000.0,14024000000.0,11842000000.0,797000000.0
CTXS,0,-1167000.0,12617000.0,367779000.0,-30962000.0,620219000.0,170083108.10799998,1011398000.0,39577000.0,2173645000.0,166005000.0,4292706000.0,357771000.0,251723000.0,304038000.0,0.0,-4447000.0,5512007000.0,1.5358358885650603,1292953000.0,128198000.0,1600187000.0,28332000.0
EXR,1,0.0,0.0,4135696000.0,71000.0,172416000.0,238479220.779,869477000.0,115076000.0,1737425000.0,0.0,1995484000.0,0.0,367258000.0,272916000.0,0.0,0.0,4381987000.0,1.5221157747816452,2094705000.0,0.0,71369000.0,84013000.0
XEL,0,-20558000.0,597183000.0,28756916000.0,-166408000.0,7951352000.0,503106403.941,5847983000.0,1019045000.0,10214482000.0,886381000.0,5837330000.0,6110620000.0,1021306000.0,2111729000.0,0.0,0.0,36957884000.0,2.61818484774852,11499634000.0,0.0,767608000.0,566608000.0
EXPE,0,0.0,0.0,553126000.0,-157957000.0,1179081000.0,128833980.58299999,1695346000.0,76773000.0,1784267000.0,166357000.0,5921140000.0,452958000.0,398097000.0,562730000.0,560073000.0,-109184000.0,9020538000.0,4.055598741668147,1746787000.0,10053000.0,3919856000.0,98089000.0
CTSH,1,0.0,0.0,1247200000.0,-259300000.0,6141100000.0,607299578.059,1685200000.0,199700000.0,7740200000.0,352600000.0,555600000.0,92800000.0,1439300000.0,1926500000.0,0.0,-18600000.0,11479000000.0,0.4830366140409809,937500000.0,234200000.0,2037000000.0,2500000.0
EXPD,0,0.0,0.0,538415000.0,-206887000.0,4583294000.0,196295833.333,432438000.0,49292000.0,1868408000.0,65486000.0,1113000.0,35514000.0,376888000.0,610889000.0,0.0,-31066000.0,2890905000.0,0.5472557385753005,0.0,0.0,1337487000.0,0.0
ETR,0,3524000.0,1124018000.0,28936737000.0,123506000.0,8126187000.0,183255152.67200002,6008752000.0,1318638000.0,10101725000.0,712551000.0,5375353000.0,9380682000.0,960257000.0,2210937000.0,210760000.0,0.0,46414455000.0,3.5947058546931343,12416420000.0,286453000.0,863455000.0,661083000.0
CTL,0,0.0,0.0,18433000000.0,-163000000.0,7846000000.0,567647058.824,8235000000.0,4428000000.0,15023000000.0,580000000.0,16324000000.0,3154000000.0,772000000.0,2421000000.0,0.0,0.0,49103000000.0,2.268521600213006,19953000000.0,0.0,3347000000.0,1311000000.0
EXC,0,-380000000.0,1603000000.0,52170000000.0,-280000000.0,21571000000.0,864000000.0,10534000000.0,2314000000.0,22801000000.0,3392000000.0,0.0,13181000000.0,1603000000.0,3551000000.0,0.0,0.0,86416000000.0,2.7900092101223635,19853000000.0,319000000.0,1154000000.0,1065000000.0
XEC,0,0.0,89780000.0,7114742000.0,-35133000.0,572831000.0,87600000.0,3818226000.0,806021000.0,4500632000.0,29024000.0,1997080000.0,1754706000.0,507204000.0,842841000.0,0.0,0.0,8708469000.0,0.9349435812570324,1483176000.0,0.0,225070000.0,36940000.0
ETN,0,-152000000.0,2428000000.0,3750000000.0,-205000000.0,15646000000.0,474338624.339,2510000000.0,0.0,15786000000.0,386000000.0,11605000000.0,901000000.0,1793000000.0,1988000000.0,0.0,-25000000.0,33476000000.0,1.1206132015710122,8024000000.0,228000000.0,3810000000.0,227000000.0
CMI,0,-256000000.0,2866000000.0,3686000000.0,-89000000.0,14360000000.0,182632743.363,3009000000.0,0.0,7749000000.0,1051000000.0,0.0,0.0,1651000000.0,2498000000.0,0.0,-87000000.0,15764000000.0,1.034327009936766,1577000000.0,0.0,2112000000.0,64000000.0
FCX,0,-249000000.0,5361000000.0,47673000000.0,215000000.0,19504000000.0,437301587.302,12846000000.0,0.0,18287000000.0,657000000.0,22281000000.0,6398000000.0,-551000000.0,850000000.0,751000000.0,0.0,58674000000.0,2.2085087767266365,18371000000.0,0.0,592000000.0,630000000.0
CMG,0,-2307000.0,15332000.0,1106984000.0,-10966000.0,2990513000.0,31036515.6794,934657000.0,110474000.0,2012369000.0,34795000.0,1038932000.0,240975000.0,445374000.0,714303000.0,0.0,-224000.0,2527317000.0,0.2558914393930735,0.0,0.0,273897000.0,0.0
CHD,0,1800000.0,245900000.0,616200000.0,-1800000.0,1844700000.0,135261437.908,610800000.0,0.0,2101900000.0,26300000.0,364800000.0,633700000.0,413900000.0,652300000.0,0.0,-19200000.0,4359200000.0,1.073933108140254,690000000.0,0.0,811700000.0,27400000.0
FLS,0,-35519000.0,995564000.0,693881000.0,-79655000.0,3163268000.0,136892875.989,702779000.0,0.0,1931562000.0,106890000.0,495600000.0,0.0,518824000.0,793512000.0,0.0,-32675000.0,4968020000.0,1.5720220215556115,1101791000.0,31419000.0,936900000.0,60322000.0
CHK,0,0.0,0.0,32515000000.0,-21000000.0,16049000000.0,993264248.705,11252000000.0,2915000000.0,16903000000.0,1086000000.0,12531000000.0,4610000000.0,1917000000.0,3289000000.0,0.0,0.0,39449000000.0,1.3338460628290836,11154000000.0,0.0,554000000.0,89000000.0
CHRW,0,0.0,0.0,152471000.0,-137102000.0,11462415000.0,146964379.085,535790000.0,0.0,1047015000.0,37794000.0,321968000.0,66961000.0,449711000.0,748418000.0,0.0,-14000000.0,3214338000.0,2.070001862437501,500000000.0,0.0,1259234000.0,24987000.0
FLR,0,0.0,1587275000.0,980263000.0,0.0,20132544000.0,157687962.963,967278000.0,0.0,3110871000.0,260588000.0,0.0,0.0,510909000.0,1234590000.0,0.0,-67500000.0,8194429000.0,1.6341269052943694,991685000.0,606026000.0,182711000.0,29681000.0
CHTR,1,0.0,0.0,8373000000.0,-51000000.0,5973000000.0,107647058.824,4580000000.0,2102000000.0,146000000.0,57000000.0,1930000000.0,1648000000.0,-183000000.0,964000000.0,0.0,0.0,24388000000.0,166.041095890411,20887000000.0,0.0,62000000.0,911000000.0
FLIR,0,11363000.0,320605000.0,247094000.0,-76705000.0,780281000.0,141028873.239,287506000.0,0.0,1609773000.0,93691000.0,0.0,9193000.0,200261000.0,264122000.0,0.0,-36057000.0,2349311000.0,0.4594051459429373,357986000.0,54102000.0,331995000.0,14593000.0
CI,1,0.0,0.0,1502000000.0,-758000000.0,21334000000.0,263739021.33,2467000000.0,10276000000.0,10774000000.0,0.0,2769000000.0,0.0,2102000000.0,3304000000.0,90000000.0,-32000000.0,55870000000.0,4.1856320772229445,5126000000.0,1795000000.0,0.0,0.0
WM,0,0.0,106000000.0,10657000000.0,-268000000.0,9002000000.0,463571428.571,3482000000.0,1292000000.0,5866000000.0,176000000.0,4585000000.0,1338000000.0,1298000000.0,2217000000.0,0.0,-5000000.0,21297000000.0,2.6305830207978183,8345000000.0,0.0,1481000000.0,466000000.0
ES,0,-41310000.0,349664000.0,18647041000.0,-122139000.0,4449139000.0,316427027.027,3239217000.0,625361000.0,9976815000.0,898687000.0,6235834000.0,4877105000.0,819546000.0,1657468000.0,155568000.0,0.0,29740387000.0,1.9809500326507008,8568429000.0,0.0,1034507000.0,362106000.0
CINF,0,0.0,0.0,194000000.0,-62000000.0,4157000000.0,163551401.869,882000000.0,14000000.0,6573000000.0,0.0,1214000000.0,840000000.0,525000000.0,774000000.0,0.0,0.0,18748000000.0,1.8522744561083218,871000000.0,578000000.0,0.0,53000000.0
FISV,0,0.0,0.0,317000000.0,-42000000.0,2881000000.0,248844884.488,1599000000.0,0.0,3295000000.0,352000000.0,897000000.0,700000000.0,754000000.0,1210000000.0,0.0,0.0,9308000000.0,1.824886191198786,3698000000.0,0.0,975000000.0,163000000.0
CL,0,-60000000.0,1382000000.0,4080000000.0,-109000000.0,7168000000.0,915966386.555,4055000000.0,0.0,1145000000.0,840000000.0,1236000000.0,261000000.0,2180000000.0,3533000000.0,0.0,-142000000.0,13459000000.0,10.754585152838429,5644000000.0,76000000.0,6552000000.0,0.0
FIS,0,0.0,0.0,483300000.0,-115200000.0,4328300000.0,297016806.723,1313400000.0,0.0,6556700000.0,567700000.0,7336800000.0,900500000.0,706900000.0,1226200000.0,0.0,-36900000.0,14520500000.0,1.2146049079567465,5054600000.0,213200000.0,814900000.0,172800000.0
D,0,-43000000.0,1410000000.0,36270000000.0,131000000.0,7881000000.0,582222222.222,8784000000.0,1292000000.0,11555000000.0,1167000000.0,0.0,7444000000.0,1310000000.0,2971000000.0,0.0,0.0,54327000000.0,3.701601038511467,21805000000.0,0.0,542000000.0,1193000000.0
ESS,0,0.0,0.0,10165271000.0,0.0,312546000.0,56700000.0,1193918000.0,360592000.0,6022672000.0,0.0,6651165000.0,0.0,122150000.0,259364000.0,23256000.0,0.0,11526732000.0,0.9138900474739452,2265209000.0,0.0,40878000.0,164551000.0
CMA,0,0.0,0.0,532000000.0,0.0,45000000.0,180792682.92700002,709000000.0,27000000.0,7402000000.0,0.0,2188000000.0,0.0,593000000.0,920000000.0,0.0,0.0,69186000000.0,8.346933261280737,0.0,0.0,1611000000.0,50000000.0
CXO,1,2441000.0,0.0,10220449000.0,-104988000.0,538374000.0,110056237.219,4263021000.0,986812000.0,5280788000.0,528110000.0,3027412000.0,1600751000.0,538175000.0,1072621000.0,0.0,0.0,11751780000.0,1.2253837874196047,3469137000.0,20260000.0,204161000.0,216661000.0
FE,0,-65000000.0,817000000.0,35783000000.0,139000000.0,6996000000.0,421000000.0,6025000000.0,1232000000.0,12420000000.0,677000000.0,9847000000.0,7363000000.0,299000000.0,1126000000.0,0.0,0.0,51648000000.0,3.1584541062801934,19393000000.0,1456000000.0,5759000000.0,955000000.0
ETFC,1,0.0,0.0,245000000.0,-1346000000.0,0.0,287254901.96099997,788000000.0,136000000.0,5375000000.0,0.0,7350000000.0,0.0,293000000.0,770000000.0,0.0,0.0,45530000000.0,7.470697674418606,0.0,951000000.0,958000000.0,318000000.0
CVX,0,0.0,6505000000.0,183173000000.0,-9000000.0,144956000000.0,1884524975.51,66882000000.0,16793000000.0,155028000000.0,5784000000.0,16041000000.0,45469000000.0,19241000000.0,31202000000.0,0.0,-43000000.0,266026000000.0,0.7159867894831902,24028000000.0,6299000000.0,17034000000.0,0.0
CME,0,0.0,0.0,508900000.0,-38500000.0,0.0,334451038.576,1432100000.0,100600000.0,20923500000.0,0.0,17596600000.0,7302700000.0,1127100000.0,1890800000.0,0.0,0.0,72241500000.0,2.452648935407556,2107900000.0,0.0,1243500000.0,119400000.0
FRT,0,0.0,0.0,4141948000.0,-3063000.0,211923000.0,67989669.4215,716242000.0,170814000.0,1604401000.0,0.0,2281223000.0,0.0,164535000.0,271131000.0,119053000.0,0.0,4546870000.0,1.83399848292291,2409677000.0,15068000.0,32316000.0,93941000.0
BA,1,-4330000000.0,46756000000.0,11007000000.0,-750000000.0,76752000000.0,729049531.459,11094000000.0,0.0,8665000000.0,0.0,4625000000.0,2207000000.0,5446000000.0,7470000000.0,0.0,-87000000.0,92921000000.0,9.723716099249856,8141000000.0,317000000.0,3480000000.0,333000000.0
BBT,0,0.0,0.0,1827000000.0,0.0,239000000.0,763799283.1539999,3210000000.0,342000000.0,24289000000.0,0.0,6517000000.0,0.0,2131000000.0,3656000000.0,0.0,0.0,186834000000.0,6.692124006752027,0.0,0.0,5715000000.0,529000000.0
HES,0,62000000.0,527000000.0,27517000000.0,-199000000.0,3753000000.0,303669724.77099997,9671000000.0,3224000000.0,22205000000.0,1269000000.0,3277000000.0,3036000000.0,2317000000.0,2759000000.0,0.0,0.0,38407000000.0,0.7296554829993245,5919000000.0,2371000000.0,863000000.0,323000000.0
IVZ,0,0.0,0.0,402600000.0,-265800000.0,0.0,435286343.612,1333600000.0,0.0,8326000000.0,2135800000.0,6133600000.0,304800000.0,988100000.0,1602100000.0,165500000.0,-52700000.0,20450000000.0,1.4561614220514052,1576800000.0,0.0,3870200000.0,207000000.0
AJG,0,0.0,0.0,195400000.0,69300000.0,0.0,153232323.232,518100000.0,2078400000.0,3229400000.0,0.0,2649400000.0,0.0,303400000.0,380500000.0,0.0,27900000.0,10010000000.0,2.09964699324952,4748300000.0,392600000.0,2167600000.0,89000000.0
ITW,0,-10000000.0,1180000000.0,1686000000.0,-70000000.0,8673000000.0,401909959.07199997,1977000000.0,245000000.0,6819000000.0,401000000.0,1096000000.0,171000000.0,2946000000.0,2949000000.0,0.0,-535000000.0,17460000000.0,1.5604927408710956,5943000000.0,338000000.0,2678000000.0,250000000.0
WY,0,-66000000.0,595000000.0,9284000000.0,29000000.0,5763000000.0,570625000.0,1442000000.0,0.0,5304000000.0,80000000.0,0.0,14000000.0,1826000000.0,1357000000.0,0.0,0.0,13265000000.0,1.5009426847662142,4891000000.0,44000000.0,249000000.0,344000000.0
VZ,0,-132000000.0,1153000000.0,89947000000.0,-2745000000.0,49931000000.0,3977272727.27,47822000000.0,16533000000.0,12298000000.0,3200000000.0,11155000000.0,41563000000.0,9625000000.0,20185000000.0,0.0,0.0,232616000000.0,17.914945519596678,110536000000.0,0.0,41016000000.0,4915000000.0
AKAM,0,0.0,0.0,601591000.0,-58397000.0,610943000.0,178581818.182,865229000.0,32057000.0,2945335000.0,128981000.0,4559430000.0,43128000.0,333948000.0,495239000.0,0.0,-10532000.0,4001546000.0,0.35860470880222456,604851000.0,1955000.0,704880000.0,15463000.0
ISRG,0,-26800000.0,181700000.0,387400000.0,-13700000.0,717900000.0,36898678.4141,770700000.0,0.0,3379400000.0,82600000.0,2896800000.0,0.0,418800000.0,549000000.0,0.0,-600000.0,3959400000.0,0.171628099662662,0.0,171300000.0,691000000.0,0.0
ALB,0,-6486000.0,358361000.0,1231868000.0,36221000.0,1674700000.0,78885207.1006,603185000.0,0.0,1359465000.0,66086000.0,10447000.0,56884000.0,133316000.0,254537000.0,0.0,-43276000.0,5223103000.0,2.8420282978965985,2223035000.0,0.0,355135000.0,41358000.0
ALK,0,0.0,58000000.0,4299000000.0,-110000000.0,2325000000.0,135346756.152,1724000000.0,294000000.0,2127000000.0,105000000.0,296000000.0,1007000000.0,605000000.0,1003000000.0,0.0,0.0,6064000000.0,1.8509637987776209,686000000.0,0.0,1817000000.0,28000000.0
IRM,0,0.0,0.0,2550727000.0,113000.0,1344636000.0,195280838.32299998,834872000.0,353143000.0,856355000.0,139469000.0,1588841000.0,158709000.0,326119000.0,484090000.0,0.0,-7420000.0,6523265000.0,6.6174775647949735,4564359000.0,0.0,869572000.0,260717000.0
WU,1,0.0,0.0,206400000.0,0.0,3297400000.0,532750000.0,1113700000.0,0.0,1300400000.0,3313700000.0,445400000.0,0.0,852400000.0,1144800000.0,0.0,0.0,9890400000.0,6.605659796985543,0.0,0.0,1169300000.0,176600000.0
ALL,0,0.0,0.0,1031000000.0,-1325000000.0,21193000000.0,447409733.124,3524000000.0,8476000000.0,22304000000.0,0.0,3199000000.0,715000000.0,2850000000.0,4558000000.0,0.0,0.0,108479000000.0,3.8636567431850786,5140000000.0,3525000000.0,919000000.0,322000000.0
IPG,0,0.0,0.0,548200000.0,63400000.0,0.0,418508771.93,818200000.0,0.0,2116300000.0,342200000.0,1547500000.0,527900000.0,477100000.0,805600000.0,257400000.0,-101000000.0,12736600000.0,5.018333884609932,1612900000.0,192900000.0,6748500000.0,84900000.0
ALLE,0,3400000.0,169300000.0,207200000.0,-8000000.0,1264600000.0,96263736.2637,307400000.0,0.0,-4800000.0,278800000.0,0.0,57000000.0,175200000.0,321700000.0,0.0,-8000000.0,2015900000.0,-420.97916666666674,1215000000.0,72200000.0,527400000.0,53800000.0
IP,0,-103000000.0,2424000000.0,12728000000.0,-97000000.0,16254000000.0,426923076.92300004,3077000000.0,1406000000.0,5115000000.0,240000000.0,6245000000.0,3063000000.0,555000000.0,1479000000.0,0.0,-52000000.0,28684000000.0,4.6078201368523946,10681000000.0,1324000000.0,3494000000.0,607000000.0
EBAY,0,0.0,0.0,1486000000.0,51000000.0,1663000000.0,1150000000.0,6299000000.0,75000000.0,19906000000.0,18096000000.0,13887000000.0,522000000.0,46000000.0,2515000000.0,0.0,-148000000.0,45132000000.0,1.2672561036873304,6777000000.0,0.0,3593000000.0,0.0
ECL,0,-210800000.0,1466900000.0,3050600000.0,-175400000.0,7679100000.0,299950124.68799996,2564300000.0,0.0,7315900000.0,366600000.0,4874500000.0,0.0,1202800000.0,1955000000.0,0.0,-25900000.0,19427400000.0,1.6555037657704452,4843400000.0,0.0,4577600000.0,256600000.0
ALXN,0,-67000000.0,176441000.0,392248000.0,-28000000.0,174000000.0,197891566.265,777000000.0,0.0,3302018000.0,225134000.0,2592167000.0,7046000.0,657000000.0,875000000.0,0.0,-10000000.0,4201962000.0,0.27254363846593205,116599000.0,0.0,650000000.0,3000000.0
AME,0,11626000.0,495896000.0,448446000.0,-35258000.0,2597017000.0,244543933.05400002,797289000.0,63724000.0,3239561000.0,74578000.0,491750000.0,618385000.0,584460000.0,884760000.0,0.0,-26056000.0,6420963000.0,0.9820472588724212,1427825000.0,0.0,462637000.0,79928000.0
AMG,0,0.0,0.0,95400000.0,26500000.0,0.0,55000000.0,1411400000.0,139100000.0,2627000000.0,0.0,672200000.0,491700000.0,452100000.0,1120200000.0,645500000.0,-10200000.0,7698100000.0,1.9303768557289684,1894900000.0,0.0,1556600000.0,106700000.0
DOV,0,-63717000.0,863737000.0,837069000.0,-87207000.0,4778479000.0,166717204.301,1116197000.0,0.0,3700725000.0,101905000.0,900833000.0,504618000.0,775235000.0,1225896000.0,0.0,-40426000.0,9030291000.0,1.4401410534422308,2253041000.0,0.0,1758765000.0,131689000.0
AIZ,0,-85742000.0,0.0,277645000.0,-1037596000.0,8093563000.0,72225000.0,477419000.0,1485558000.0,5181307000.0,0.0,3131274000.0,0.0,470907000.0,802532000.0,0.0,-28126000.0,31562466000.0,5.0916031418327465,1403329000.0,2957740000.0,0.0,58395000.0
AMGN,0,327000000.0,2647000000.0,5223000000.0,136000000.0,4422000000.0,758529411.765,9670000000.0,0.0,25778000000.0,2494000000.0,0.0,3461000000.0,5158000000.0,6656000000.0,0.0,0.0,69009000000.0,1.6770501978431218,30215000000.0,0.0,5153000000.0,1071000000.0
JBHT,0,0.0,27740000.0,2482532000.0,-85276000.0,3898403000.0,117122500.0,1455348000.0,294496000.0,1204523000.0,174003000.0,247641000.0,659793000.0,374792000.0,631629000.0,0.0,0.0,3378486000.0,1.804833116511681,683539000.0,0.0,1341000000.0,27028000.0
AIG,0,0.0,0.0,0.0,2692000000.0,33611000000.0,1428652751.42,5007000000.0,0.0,106898000000.0,0.0,80958000000.0,0.0,7529000000.0,12219000000.0,0.0,-74000000.0,515581000000.0,3.8231117513891753,31217000000.0,29166000000.0,18491000000.0,1718000000.0
KO,0,0.0,3100000000.0,14633000000.0,0.0,17889000000.0,4381481481.48,13021000000.0,0.0,30320000000.0,3745000000.0,13154000000.0,5636000000.0,7098000000.0,9808000000.0,0.0,-934000000.0,92023000000.0,2.0350593667546173,19063000000.0,0.0,18401000000.0,483000000.0
VRTX,0,-16469000.0,30848000.0,715812000.0,7428000.0,60987000.0,235208598.72599998,-521911000.0,0.0,1075006000.0,44175000.0,5777154000.0,42852000.0,-738555000.0,-662012000.0,0.0,-2176000.0,2334679000.0,1.17178229702904,792935000.0,0.0,305409000.0,72863000.0
AAL,0,0.0,1004000000.0,23084000000.0,-160000000.0,15620000000.0,716915422.886,8391000000.0,1295000000.0,2021000000.0,898000000.0,15135000000.0,829000000.0,2882000000.0,4099000000.0,0.0,0.0,43225000000.0,20.387926768926274,16043000000.0,0.0,20686000000.0,887000000.0
KMI,0,-30000000.0,459000000.0,38564000000.0,-84000000.0,8435000000.0,1137000000.0,8084000000.0,2040000000.0,34076000000.0,1281000000.0,36178000000.0,0.0,1026000000.0,3091000000.0,0.0,-11000000.0,83049000000.0,1.4371698556168564,40097000000.0,7741000000.0,1029000000.0,0.0
DVN,0,0.0,0.0,36296000000.0,0.0,2332000000.0,408905852.417,19471000000.0,3319000000.0,21539000000.0,2537000000.0,4088000000.0,6244000000.0,1607000000.0,4585000000.0,0.0,-29000000.0,50637000000.0,1.3509447978086262,9830000000.0,0.0,8290000000.0,526000000.0
KMB,0,0.0,1892000000.0,7359000000.0,0.0,13041000000.0,374938574.939,3884000000.0,0.0,729000000.0,655000000.0,632000000.0,587000000.0,1526000000.0,2539000000.0,0.0,-447000000.0,15526000000.0,20.29766803840878,5702000000.0,0.0,4162000000.0,284000000.0
ZTS,0,-110000000.0,1289000000.0,1318000000.0,69000000.0,1717000000.0,502586206.89699996,806000000.0,60000000.0,1311000000.0,205000000.0,958000000.0,277000000.0,583000000.0,937000000.0,0.0,-13000000.0,6588000000.0,4.025171624713959,3681000000.0,54000000.0,1643000000.0,117000000.0
VTR,0,0.0,0.0,15817955000.0,0.0,1212480000.0,294445061.728,2917573000.0,725216000.0,8680184000.0,0.0,10119306000.0,344337000.0,477001000.0,648332000.0,172016000.0,2670000.0,21165913000.0,1.4384175496740619,10844351000.0,0.0,147481000.0,292065000.0
DUK,0,-269000000.0,3459000000.0,72688000000.0,58000000.0,14323000000.0,707894736.842,11970000000.0,3066000000.0,40875000000.0,3316000000.0,39405000000.0,13850000000.0,1883000000.0,5756000000.0,0.0,0.0,120557000000.0,1.949406727828746,37061000000.0,19000000.0,1213000000.0,1622000000.0
ABBV,0,-203000000.0,1124000000.0,2485000000.0,-172000000.0,4426000000.0,1598198198.2,4161000000.0,0.0,1742000000.0,1952000000.0,4194000000.0,159000000.0,1774000000.0,2760000000.0,0.0,-577000000.0,27513000000.0,14.793915040183695,10538000000.0,0.0,8474000000.0,391000000.0
KIM,0,0.0,0.0,8328977000.0,-8060000.0,258617000.0,476405617.97800004,831618000.0,258074000.0,4774785000.0,0.0,5732021000.0,0.0,424001000.0,306255000.0,91480000.0,0.0,10261400000.0,1.1490810580999982,4595970000.0,158302000.0,122201000.0,203759000.0
DPS,0,-8000000.0,204000000.0,1141000000.0,-5000000.0,2491000000.0,195821727.01900002,1192000000.0,115000000.0,2294000000.0,86000000.0,658000000.0,2051000000.0,703000000.0,1182000000.0,0.0,-6000000.0,8265000000.0,2.6028770706190056,2580000000.0,74000000.0,2335000000.0,109000000.0
ABT,0,-297000000.0,2643000000.0,7869000000.0,-195000000.0,9218000000.0,1522666666.67,4752000000.0,555000000.0,21526000000.0,2867000000.0,0.0,0.0,2284000000.0,2668000000.0,0.0,-143000000.0,41207000000.0,0.9142896961813621,3393000000.0,3288000000.0,6530000000.0,150000000.0
ZION,0,0.0,0.0,848725000.0,0.0,49736000.0,237179761.905,630120000.0,-87159000.0,7369530000.0,0.0,0.0,0.0,398462000.0,744685000.0,0.0,0.0,57208874000.0,6.762893156008593,0.0,0.0,1654369000.0,123262000.0
ADM,0,1274000000.0,9374000000.0,9851000000.0,425000000.0,76433000000.0,653488372.093,5856000000.0,0.0,19575000000.0,7459000000.0,0.0,1662000000.0,2248000000.0,3467000000.0,0.0,0.0,43942000000.0,1.2448020434227332,5528000000.0,0.0,1907000000.0,337000000.0
ADS,0,0.0,0.0,559628000.0,-156003000.0,3643979000.0,58061123.8532,1502853000.0,313082000.0,2396380000.0,581409000.0,2905563000.0,856982000.0,506293000.0,1098467000.0,235566000.0,-15854000.0,20263977000.0,7.456078334821688,8134248000.0,164000.0,247412000.0,260526000.0
AEE,0,3000000.0,524000000.0,17424000000.0,31000000.0,3586000000.0,244628099.17400002,3336000000.0,745000000.0,6713000000.0,396000000.0,5617000000.0,4149000000.0,592000000.0,1311000000.0,0.0,0.0,22289000000.0,2.3202740950394762,6085000000.0,0.0,468000000.0,341000000.0
JPM,0,0.0,0.0,15133000000.0,-3637000000.0,0.0,4072097378.28,36593000000.0,3139000000.0,231727000000.0,0.0,93270000000.0,0.0,21745000000.0,38596000000.0,0.0,-1125000000.0,2572274000000.0,10.100450098607412,429194000000.0,0.0,61274000000.0,7897000000.0
AEP,0,100800000.0,1316600000.0,43635100000.0,-60300000.0,7685700000.0,490419161.677,8732400000.0,1897600000.0,16820200000.0,683000000.0,6203400000.0,11918900000.0,1638000000.0,3270900000.0,0.0,0.0,59544600000.0,2.5400649219390967,16012000000.0,2131300000.0,3667900000.0,868000000.0
AFL,0,0.0,0.0,429000000.0,-7000000.0,14373000000.0,451223241.59,6550000000.0,3547000000.0,18347000000.0,0.0,1711000000.0,0.0,2951000000.0,4808000000.0,0.0,-47000000.0,119767000000.0,5.527879217310732,7475000000.0,8273000000.0,0.0,317000000.0
JNPR,0,0.0,0.0,904300000.0,-16800000.0,1768900000.0,457945205.47900003,956300000.0,0.0,4919100000.0,239900000.0,8794000000.0,294900000.0,-334300000.0,-86300000.0,0.0,-17600000.0,8281400000.0,0.6835193429692423,1349000000.0,0.0,1254700000.0,0.0
AIV,0,0.0,0.0,5472779000.0,9039000.0,380964000.0,150120873.786,972789000.0,282608000.0,1227735000.0,0.0,3696143000.0,81882000.0,309249000.0,268399000.0,87937000.0,0.0,6097028000.0,3.9660781846245317,0.0,0.0,56621000.0,220971000.0
IFF,1,-40042000.0,568729000.0,720268000.0,-2635000.0,1726383000.0,81442632.613,661572000.0,0.0,1518561000.0,141248000.0,140008000.0,46535000.0,414543000.0,595128000.0,0.0,-21659000.0,3490493000.0,1.2985530380406187,934232000.0,183047000.0,514891000.0,46067000.0
ZBH,0,-164600000.0,1193300000.0,1285300000.0,-40400000.0,1242800000.0,169084507.042,1395100000.0,92500000.0,6549900000.0,317200000.0,4330700000.0,45900000.0,720300000.0,1002500000.0,0.0,-18300000.0,9658000000.0,0.4745263286462389,1425500000.0,0.0,1772200000.0,63100000.0
IDXX,0,-38310000.0,160342000.0,303587000.0,-3626000.0,669691000.0,50111845.73,296369000.0,0.0,117516000.0,86451000.0,888293000.0,63353000.0,181906000.0,261984000.0,0.0,-8517000.0,1384211000.0,10.778915211545662,350000000.0,0.0,457598000.0,15429000.0
APH,0,-51600000.0,865600000.0,590700000.0,-111500000.0,3651700000.0,313761061.947,1090000000.0,0.0,2907400000.0,133300000.0,659400000.0,0.0,709100000.0,1052900000.0,0.0,-31000000.0,6985900000.0,1.4027997523560571,2654600000.0,0.0,645100000.0,80400000.0
DLR,0,0.0,0.0,8108558000.0,-88909000.0,603321000.0,200183000.0,680193000.0,538513000.0,3878256000.0,0.0,3970439000.0,0.0,200183000.0,387229000.0,0.0,0.0,9526784000.0,1.4564608421929857,4147176000.0,30821000.0,89468000.0,191085000.0
ED,0,-10000000.0,372000000.0,29827000000.0,360000000.0,7807000000.0,292761394.102,2831000000.0,1071000000.0,12576000000.0,579000000.0,0.0,9142000000.0,1092000000.0,2251000000.0,0.0,0.0,44071000000.0,2.5043734096692107,11546000000.0,138000000.0,1877000000.0,591000000.0
ARNC,0,-355000000.0,3082000000.0,16426000000.0,-312000000.0,19137000000.0,1276190476.19,2893000000.0,1371000000.0,12306000000.0,761000000.0,9284000000.0,0.0,268000000.0,970000000.0,0.0,-24000000.0,37363000000.0,2.0361612221680483,8769000000.0,3139000000.0,995000000.0,473000000.0
DLPH,0,21000000.0,1013000000.0,3532000000.0,67000000.0,12471000000.0,300222222.222,2914000000.0,94000000.0,2510000000.0,951000000.0,1700000000.0,0.0,1351000000.0,1750000000.0,0.0,-36000000.0,10721000000.0,3.2713147410358565,2392000000.0,0.0,1036000000.0,135000000.0
ATVI,0,-2000000.0,123000000.0,157000000.0,-177000000.0,1525000000.0,732456140.3510001,1399000000.0,0.0,7233000000.0,901000000.0,9924000000.0,10000000.0,835000000.0,1183000000.0,0.0,-396000000.0,14642000000.0,1.024332918567676,4324000000.0,264000000.0,1129000000.0,202000000.0
WEC,0,-71200000.0,400600000.0,11257700000.0,80700000.0,3371800000.0,225862068.966,1960100000.0,391400000.0,4450100000.0,186800000.0,300100000.0,3278100000.0,589500000.0,1191500000.0,0.0,0.0,14905000000.0,2.3493629356643666,4170700000.0,0.0,121800000.0,240300000.0
EFX,0,0.0,0.0,300600000.0,-27800000.0,844700000.0,121254125.41299999,702600000.0,201800000.0,2200100000.0,125000000.0,1201700000.0,228300000.0,367400000.0,642800000.0,0.0,-11100000.0,4661000000.0,1.1185400663606202,1145700000.0,0.0,751700000.0,68600000.0
AVB,0,0.0,0.0,14935740000.0,0.0,0.0,133587547.89299999,2228298000.0,442682000.0,9046405000.0,0.0,9354685000.0,0.0,697327000.0,849134000.0,12765000.0,0.0,16140578000.0,0.7841980322570126,6591623000.0,67029000.0,627014000.0,180618000.0
YHOO,0,0.0,0.0,1487684000.0,29278000.0,1387375000.0,988400919.842,1329369000.0,66750000.0,38741837000.0,420207000.0,8499475000.0,17093243000.0,7521731000.0,10610275000.0,0.0,-45877000.0,61707336000.0,0.5927829132108526,1170423000.0,0.0,1770710000.0,0.0
DISCK,0,0.0,0.0,554000000.0,6000000.0,2124000000.0,687000000.0,1438000000.0,329000000.0,5602000000.0,604000000.0,6917000000.0,588000000.0,1139000000.0,2075000000.0,747000000.0,-57000000.0,15970000000.0,1.8507675830060693,6002000000.0,0.0,1692000000.0,328000000.0
AWK,0,0.0,37000000.0,13029000000.0,-62000000.0,1350000000.0,179237288.13599998,2053000000.0,424000000.0,4915000000.0,48000000.0,6302000000.0,2059000000.0,423000000.0,710000000.0,0.0,0.0,16023000000.0,2.2600203458799597,5795000000.0,0.0,236000000.0,0.0
AXP,0,0.0,0.0,3938000000.0,-56000000.0,373000000.0,1051000000.0,12185000000.0,2044000000.0,20673000000.0,0.0,12874000000.0,0.0,5885000000.0,10325000000.0,0.0,-232000000.0,159103000000.0,6.696173753204661,0.0,0.0,23153000000.0,1334000000.0
HOG,0,0.0,448871000.0,883077000.0,0.0,3788023000.0,216566923.07700002,1378996000.0,0.0,2909286000.0,182420000.0,1265257000.0,0.0,844611000.0,1287482000.0,0.0,-25863000.0,9528097000.0,2.2750637097899618,3761528000.0,77835000.0,1159502000.0,4162000.0
HIG,0,0.0,0.0,831000000.0,-144000000.0,10805000000.0,440883977.90099996,2007000000.0,5757000000.0,18720000000.0,0.0,9123000000.0,0.0,798000000.0,2075000000.0,0.0,-135000000.0,245013000000.0,12.08830128205128,6109000000.0,4720000000.0,0.0,376000000.0
WYN,0,-17000000.0,302000000.0,2360000000.0,-250000000.0,2504000000.0,125355450.237,1219000000.0,233000000.0,1255000000.0,467000000.0,3889000000.0,1401000000.0,529000000.0,958000000.0,0.0,-18000000.0,9679000000.0,6.7123505976095625,4792000000.0,0.0,1557000000.0,113000000.0
HON,0,-200000000.0,4405000000.0,5383000000.0,-172000000.0,28957000000.0,785000000.0,6174000000.0,0.0,17657000000.0,0.0,5038000000.0,236000000.0,4239000000.0,5818000000.0,219000000.0,-339000000.0,45451000000.0,1.5741065866228692,6046000000.0,404000000.0,5518000000.0,0.0
APC,0,0.0,0.0,41589000000.0,103000000.0,3317000000.0,504322766.571,17974000000.0,4550000000.0,19725000000.0,603000000.0,9005000000.0,8527000000.0,-1750000000.0,826000000.0,0.0,2000000.0,60967000000.0,2.09084917617237,15092000000.0,0.0,2725000000.0,772000000.0
EIX,0,-25000000.0,281000000.0,32981000000.0,64000000.0,8742000000.0,347676767.677,7154000000.0,1720000000.0,10960000000.0,1732000000.0,0.0,10168000000.0,1721000000.0,2539000000.0,6000000.0,0.0,49734000000.0,3.5377737226277373,10234000000.0,0.0,322000000.0,560000000.0
HST,0,0.0,0.0,10575000000.0,-17000000.0,2033000000.0,2152941176.47,1456000000.0,701000000.0,7336000000.0,0.0,8476000000.0,0.0,732000000.0,975000000.0,225000000.0,-8000000.0,12172000000.0,0.6592148309705561,3957000000.0,0.0,1920000000.0,214000000.0
AMP,0,0.0,0.0,0.0,-423000000.0,1982000000.0,191597633.13599998,2512000000.0,3603000000.0,8124000000.0,0.0,7345000000.0,0.0,1619000000.0,2903000000.0,0.0,-21000000.0,148810000000.0,17.317331363860163,3262000000.0,2608000000.0,3808000000.0,356000000.0
DNB,0,0.0,0.0,22000000.0,-7500000.0,0.0,36526054.5906,325300000.0,52500000.0,-1203300000.0,84900000.0,279300000.0,0.0,294400000.0,383500000.0,0.0,-17600000.0,1986200000.0,-2.650627441203357,1352200000.0,209100000.0,1105700000.0,43300000.0
IBM,0,-39000000.0,2103000000.0,10771000000.0,1270000000.0,46386000000.0,1004344193.82,20608000000.0,0.0,11868000000.0,4967000000.0,0.0,3691000000.0,12022000000.0,20470000000.0,0.0,-655000000.0,117271000000.0,8.881277384563534,34991000000.0,6675000000.0,22438000000.0,484000000.0
AMT,0,0.0,0.0,7590112000.0,-84529000.0,1094265000.0,408371287.129,3108993000.0,1003802000.0,3953560000.0,264793000.0,5788786000.0,0.0,824910000.0,1445938000.0,0.0,-30534000.0,21263565000.0,4.378333704307003,13642955000.0,1283893000.0,515059000.0,580234000.0
WAT,0,-15984000.0,246430000.0,321583000.0,-29435000.0,824913000.0,85150000.0,602770000.0,10634000.0,1894666000.0,81610000.0,1392494000.0,0.0,431620000.0,524931000.0,0.0,-21016000.0,3874690000.0,1.0450517399900563,1237463000.0,0.0,512707000.0,34191000.0
APA,0,-31000000.0,708000000.0,48076000000.0,757000000.0,2511000000.0,359886201.991,19839000000.0,9720000000.0,25937000000.0,2145000000.0,12438000000.0,9499000000.0,-5060000000.0,-2598000000.0,0.0,0.0,55952000000.0,1.1572271272699233,11245000000.0,1461000000.0,1095000000.0,211000000.0
AMZN,1,-1193000000.0,8299000000.0,16967000000.0,-1039000000.0,62752000000.0,463461538.46199995,11735000000.0,0.0,10741000000.0,0.0,11135000000.0,0.0,-241000000.0,99000000.0,0.0,-310000000.0,54505000000.0,4.0744809608043955,8265000000.0,0.0,26058000000.0,210000000.0
HUM,1,0.0,0.0,1228000000.0,-264000000.0,38166000000.0,154166666.667,2146000000.0,7972000000.0,9646000000.0,0.0,2330000000.0,361000000.0,1147000000.0,2362000000.0,0.0,0.0,23527000000.0,1.4390420899854859,4159000000.0,0.0,0.0,192000000.0
AN,0,-27300000.0,2899000000.0,2422000000.0,-80300000.0,16120100000.0,117282913.165,694300000.0,106900000.0,2072100000.0,207000000.0,61800000.0,137900000.0,418700000.0,822300000.0,0.0,0.0,8399700000.0,3.0537136238598523,2103400000.0,0.0,2061000000.0,140000000.0
ANTM,1,0.0,0.0,1944300000.0,-1899700000.0,56854900000.0,276015037.59400004,4083900000.0,220900000.0,24251300000.0,0.0,10062300000.0,2945600000.0,2569700000.0,4968800000.0,0.0,-7100000.0,61676300000.0,1.5432162399541467,15043900000.0,0.0,11748400000.0,600700000.0
HSY,0,-88497000.0,801036000.0,2151901000.0,-67464000.0,4085602000.0,224840000.0,1190324000.0,0.0,1455062000.0,276571000.0,754186000.0,99373000.0,846912000.0,1389575000.0,0.0,-6156000.0,5622870000.0,2.8643507974230653,1542317000.0,0.0,1898284000.0,83532000.0
EW,0,-30500000.0,296800000.0,442900000.0,-26800000.0,625600000.0,106443569.55399999,1105200000.0,0.0,2191400000.0,170500000.0,878400000.0,0.0,811100000.0,1161200000.0,0.0,-2900000.0,3523000000.0,0.6076480788537009,598100000.0,153700000.0,928700000.0,17200000.0
AON,0,0.0,0.0,765000000.0,-44000000.0,0.0,295348837.209,2068000000.0,0.0,6571000000.0,0.0,5097000000.0,313000000.0,1397000000.0,2020000000.0,0.0,-67000000.0,29772000000.0,3.5308172272104703,5582000000.0,144000000.0,10079000000.0,255000000.0
